user_id,session_id,event,timestamp,device,country
1,1_0,view,2026-01-01 00:53:00,mobile,Germany
1,1_0,add_to_cart,2026-01-01 03:37:00,mobile,USA
2,2_0,view,2026-01-07 04:40:00,desktop,UK
2,2_0,checkout,2026-01-07 03:50:00,desktop,USA
3,3_0,view,2026-01-23 02:53:00,mobile,USA
3,3_0,add_to_cart,2026-01-23 03:15:00,mobile,India
3,3_1,view,2026-01-28 03:56:00,mobile,Canada
3,3_1,add_to_cart,2026-01-28 00:41:00,desktop,Germany
4,4_0,view,2026-01-19 02:29:00,mobile,UK
4,4_0,purchase,2026-01-19 00:52:00,desktop,India
4,4_1,view,2026-01-15 01:48:00,desktop,USA
4,4_1,add_to_cart,2026-01-15 01:28:00,mobile,UK
4,4_2,view,2026-01-15 04:46:00,mobile,India
4,4_2,add_to_cart,2026-01-15 00:29:00,mobile,USA
4,4_2,checkout,2026-01-15 02:42:00,desktop,India
4,4_2,purchase,2026-01-15 00:34:00,mobile,Germany
5,5_0,view,2026-01-07 03:55:00,mobile,India
5,5_0,add_to_cart,2026-01-07 01:12:00,mobile,Germany
5,5_0,purchase,2026-01-07 04:36:00,desktop,Germany
5,5_1,view,2026-01-14 01:11:00,desktop,USA
5,5_1,add_to_cart,2026-01-14 00:25:00,mobile,UK
5,5_2,view,2026-01-21 03:18:00,desktop,Germany
5,5_2,checkout,2026-01-21 04:00:00,desktop,Germany
6,6_0,view,2026-01-22 02:17:00,desktop,USA
6,6_0,add_to_cart,2026-01-22 02:31:00,desktop,UK
6,6_0,checkout,2026-01-22 03:53:00,mobile,India
7,7_0,view,2026-01-25 02:33:00,mobile,UK
7,7_0,checkout,2026-01-25 03:12:00,mobile,Germany
7,7_0,purchase,2026-01-25 04:32:00,mobile,Germany
7,7_1,view,2026-01-11 02:38:00,mobile,USA
7,7_1,add_to_cart,2026-01-11 02:04:00,mobile,USA
7,7_2,view,2026-01-24 01:05:00,mobile,Canada
7,7_2,add_to_cart,2026-01-24 04:42:00,mobile,India
7,7_2,purchase,2026-01-24 04:31:00,desktop,UK
7,7_3,view,2026-01-30 02:40:00,desktop,India
7,7_3,add_to_cart,2026-01-30 03:45:00,desktop,USA
7,7_3,checkout,2026-01-30 02:07:00,mobile,USA
7,7_4,view,2026-01-11 00:04:00,mobile,USA
7,7_4,checkout,2026-01-11 01:58:00,mobile,USA
8,8_0,view,2026-01-03 04:37:00,mobile,Germany
8,8_0,add_to_cart,2026-01-03 04:56:00,desktop,UK
8,8_1,view,2026-01-26 03:41:00,desktop,Canada
8,8_1,add_to_cart,2026-01-26 03:31:00,desktop,USA
8,8_2,view,2026-01-22 02:54:00,mobile,UK
8,8_2,add_to_cart,2026-01-22 01:39:00,mobile,Germany
8,8_2,checkout,2026-01-22 03:50:00,mobile,Canada
9,9_0,view,2026-01-09 04:42:00,mobile,USA
9,9_0,add_to_cart,2026-01-09 04:37:00,mobile,USA
9,9_0,checkout,2026-01-09 02:02:00,mobile,Canada
9,9_1,view,2026-01-16 01:25:00,desktop,USA
9,9_1,add_to_cart,2026-01-16 03:20:00,desktop,Canada
9,9_1,checkout,2026-01-16 02:27:00,desktop,Germany
9,9_1,purchase,2026-01-16 04:10:00,mobile,UK
10,10_0,view,2026-01-07 02:41:00,mobile,USA
10,10_0,add_to_cart,2026-01-07 05:00:00,desktop,Germany
10,10_0,checkout,2026-01-07 04:32:00,mobile,USA
10,10_1,view,2026-01-31 00:35:00,mobile,Canada
10,10_1,add_to_cart,2026-01-31 01:02:00,mobile,Germany
10,10_1,checkout,2026-01-31 00:21:00,mobile,Canada
10,10_2,view,2026-01-22 01:45:00,desktop,UK
10,10_2,add_to_cart,2026-01-22 02:16:00,desktop,UK
10,10_2,checkout,2026-01-22 02:34:00,desktop,India
10,10_2,purchase,2026-01-22 00:38:00,mobile,Canada
11,11_0,view,2026-01-19 02:16:00,mobile,India
11,11_0,add_to_cart,2026-01-19 00:36:00,mobile,India
11,11_1,view,2026-01-10 04:31:00,mobile,Germany
11,11_1,checkout,2026-01-10 02:34:00,mobile,UK
11,11_1,purchase,2026-01-10 02:16:00,mobile,USA
11,11_2,view,2026-01-24 02:56:00,mobile,India
11,11_2,add_to_cart,2026-01-24 04:19:00,desktop,India
11,11_2,purchase,2026-01-24 00:27:00,mobile,Canada
11,11_3,view,2026-01-27 02:15:00,mobile,Canada
11,11_3,purchase,2026-01-27 04:43:00,desktop,Germany
11,11_4,view,2026-01-01 01:17:00,mobile,India
11,11_4,checkout,2026-01-01 04:59:00,mobile,Canada
11,11_4,purchase,2026-01-01 01:06:00,mobile,India
12,12_0,view,2026-01-29 03:04:00,mobile,UK
12,12_0,add_to_cart,2026-01-29 00:53:00,desktop,Germany
12,12_0,checkout,2026-01-29 03:29:00,mobile,UK
12,12_1,view,2026-01-28 03:32:00,mobile,UK
12,12_1,checkout,2026-01-28 02:51:00,desktop,UK
12,12_2,view,2026-01-09 00:20:00,desktop,UK
12,12_2,checkout,2026-01-09 01:43:00,desktop,India
13,13_0,view,2026-01-27 01:39:00,desktop,India
13,13_0,add_to_cart,2026-01-27 02:23:00,mobile,India
13,13_1,view,2026-01-12 04:35:00,desktop,USA
13,13_1,add_to_cart,2026-01-12 01:00:00,desktop,UK
13,13_1,purchase,2026-01-12 04:58:00,desktop,USA
13,13_2,view,2026-01-04 03:44:00,mobile,Canada
13,13_2,add_to_cart,2026-01-04 04:56:00,mobile,India
13,13_2,purchase,2026-01-04 00:23:00,desktop,USA
14,14_0,view,2026-01-30 01:41:00,desktop,Canada
14,14_0,add_to_cart,2026-01-30 00:36:00,desktop,Germany
14,14_0,checkout,2026-01-30 02:41:00,mobile,India
14,14_0,purchase,2026-01-30 04:20:00,desktop,Canada
14,14_1,view,2026-01-11 03:36:00,desktop,UK
14,14_1,add_to_cart,2026-01-11 04:52:00,desktop,Canada
14,14_2,view,2026-01-18 04:57:00,desktop,Canada
14,14_2,add_to_cart,2026-01-18 03:47:00,desktop,UK
14,14_3,view,2026-01-17 01:27:00,mobile,India
14,14_3,add_to_cart,2026-01-17 04:24:00,desktop,USA
14,14_3,checkout,2026-01-17 02:01:00,desktop,UK
14,14_3,purchase,2026-01-17 01:42:00,mobile,USA
14,14_4,view,2026-01-02 00:38:00,desktop,Canada
14,14_4,purchase,2026-01-02 04:55:00,mobile,Canada
15,15_0,view,2026-01-13 00:55:00,desktop,UK
15,15_0,checkout,2026-01-13 01:31:00,desktop,USA
15,15_1,view,2026-01-18 03:58:00,desktop,Canada
15,15_1,checkout,2026-01-18 04:19:00,desktop,Germany
15,15_2,view,2026-01-15 02:13:00,mobile,India
15,15_2,add_to_cart,2026-01-15 04:27:00,desktop,UK
15,15_2,checkout,2026-01-15 02:21:00,desktop,USA
15,15_3,view,2026-01-23 04:37:00,mobile,UK
16,16_0,view,2026-01-08 03:33:00,desktop,India
16,16_0,add_to_cart,2026-01-08 04:38:00,desktop,Canada
16,16_1,view,2026-01-02 05:00:00,mobile,Germany
16,16_1,purchase,2026-01-02 03:15:00,desktop,USA
17,17_0,view,2026-01-10 03:35:00,mobile,Canada
17,17_0,add_to_cart,2026-01-10 01:53:00,desktop,Canada
17,17_0,checkout,2026-01-10 04:09:00,mobile,Canada
17,17_0,purchase,2026-01-10 02:53:00,desktop,UK
17,17_1,view,2026-01-27 00:14:00,desktop,Germany
17,17_1,add_to_cart,2026-01-27 04:49:00,mobile,USA
17,17_1,purchase,2026-01-27 03:40:00,mobile,Canada
17,17_2,view,2026-01-06 02:48:00,desktop,Canada
18,18_0,view,2026-01-25 04:01:00,mobile,Germany
18,18_0,add_to_cart,2026-01-25 00:27:00,desktop,UK
18,18_0,purchase,2026-01-25 00:36:00,mobile,USA
18,18_1,view,2026-01-31 02:03:00,mobile,Canada
18,18_1,checkout,2026-01-31 00:59:00,mobile,Canada
18,18_1,purchase,2026-01-31 02:12:00,desktop,UK
18,18_2,view,2026-01-20 01:24:00,desktop,USA
18,18_2,add_to_cart,2026-01-20 04:57:00,mobile,India
18,18_2,checkout,2026-01-20 04:55:00,desktop,Canada
19,19_0,view,2026-01-03 02:35:00,mobile,Germany
19,19_0,add_to_cart,2026-01-03 00:22:00,desktop,Germany
19,19_0,checkout,2026-01-03 03:40:00,desktop,USA
19,19_1,view,2026-01-17 04:11:00,mobile,Canada
19,19_1,add_to_cart,2026-01-17 03:06:00,desktop,UK
20,20_0,view,2026-01-06 04:36:00,desktop,Canada
20,20_0,add_to_cart,2026-01-06 03:44:00,desktop,India
20,20_0,checkout,2026-01-06 02:06:00,mobile,India
20,20_1,view,2026-01-29 03:15:00,desktop,USA
20,20_1,add_to_cart,2026-01-29 04:14:00,desktop,UK
20,20_1,checkout,2026-01-29 04:10:00,mobile,India
20,20_2,view,2026-01-26 02:22:00,mobile,Germany
20,20_3,view,2026-01-31 04:45:00,mobile,Canada
21,21_0,view,2026-01-15 02:05:00,desktop,Germany
21,21_0,add_to_cart,2026-01-15 03:09:00,desktop,Germany
21,21_1,view,2026-01-17 03:01:00,desktop,India
21,21_1,add_to_cart,2026-01-17 02:37:00,desktop,UK
21,21_1,checkout,2026-01-17 01:02:00,mobile,India
21,21_2,view,2026-01-04 01:39:00,mobile,Canada
21,21_2,add_to_cart,2026-01-04 02:22:00,desktop,USA
21,21_2,checkout,2026-01-04 01:40:00,desktop,UK
21,21_2,purchase,2026-01-04 03:05:00,mobile,India
21,21_3,view,2026-01-01 00:28:00,desktop,UK
21,21_3,add_to_cart,2026-01-01 04:12:00,mobile,USA
22,22_0,view,2026-01-10 00:27:00,desktop,Canada
22,22_0,add_to_cart,2026-01-10 00:59:00,mobile,Canada
22,22_1,view,2026-01-16 01:17:00,desktop,USA
22,22_1,checkout,2026-01-16 02:08:00,mobile,Germany
22,22_2,view,2026-01-25 04:28:00,desktop,Canada
22,22_2,add_to_cart,2026-01-25 03:47:00,desktop,Germany
22,22_2,checkout,2026-01-25 03:40:00,desktop,Germany
22,22_2,purchase,2026-01-25 00:31:00,mobile,UK
22,22_3,view,2026-01-21 01:29:00,mobile,UK
22,22_3,checkout,2026-01-21 00:02:00,desktop,Canada
22,22_4,view,2026-01-23 02:25:00,desktop,USA
22,22_4,add_to_cart,2026-01-23 02:00:00,desktop,Germany
23,23_0,view,2026-01-14 02:17:00,mobile,USA
23,23_1,view,2026-01-02 04:52:00,desktop,Canada
23,23_1,purchase,2026-01-02 01:04:00,desktop,India
24,24_0,view,2026-01-31 00:21:00,desktop,India
24,24_0,checkout,2026-01-31 02:09:00,mobile,USA
24,24_1,view,2026-01-08 00:11:00,desktop,Germany
24,24_1,add_to_cart,2026-01-08 00:21:00,mobile,Canada
24,24_1,checkout,2026-01-08 04:26:00,desktop,India
24,24_2,view,2026-01-06 00:47:00,desktop,India
24,24_2,add_to_cart,2026-01-06 03:30:00,desktop,India
24,24_2,purchase,2026-01-06 00:54:00,mobile,India
24,24_3,view,2026-01-14 04:42:00,mobile,Canada
24,24_3,add_to_cart,2026-01-14 00:46:00,desktop,India
24,24_3,purchase,2026-01-14 02:46:00,mobile,Canada
25,25_0,view,2026-01-27 03:32:00,mobile,UK
25,25_0,add_to_cart,2026-01-27 04:26:00,desktop,Germany
25,25_0,checkout,2026-01-27 04:16:00,desktop,USA
25,25_1,view,2026-01-07 04:09:00,mobile,USA
25,25_2,view,2026-01-21 04:43:00,mobile,Germany
25,25_2,add_to_cart,2026-01-21 03:29:00,mobile,UK
25,25_3,view,2026-01-27 01:19:00,desktop,India
25,25_3,add_to_cart,2026-01-27 04:21:00,desktop,Canada
25,25_4,view,2026-01-27 01:15:00,desktop,UK
25,25_4,add_to_cart,2026-01-27 04:21:00,mobile,USA
26,26_0,view,2026-01-25 04:20:00,desktop,USA
26,26_0,add_to_cart,2026-01-25 02:25:00,desktop,Germany
26,26_0,purchase,2026-01-25 04:57:00,desktop,UK
26,26_1,view,2026-01-15 04:39:00,desktop,Canada
26,26_1,add_to_cart,2026-01-15 02:45:00,mobile,UK
26,26_2,view,2026-01-19 02:43:00,desktop,Canada
26,26_2,add_to_cart,2026-01-19 03:18:00,mobile,Canada
26,26_2,checkout,2026-01-19 00:19:00,mobile,Germany
27,27_0,view,2026-01-11 04:30:00,desktop,USA
27,27_0,add_to_cart,2026-01-11 01:14:00,desktop,UK
27,27_0,checkout,2026-01-11 00:39:00,desktop,India
27,27_1,view,2026-01-11 02:49:00,desktop,India
27,27_1,add_to_cart,2026-01-11 04:10:00,mobile,Germany
27,27_2,view,2026-01-03 01:57:00,mobile,Canada
27,27_2,checkout,2026-01-03 00:51:00,mobile,Canada
27,27_3,view,2026-01-06 00:29:00,desktop,India
27,27_3,add_to_cart,2026-01-06 03:12:00,desktop,UK
27,27_3,checkout,2026-01-06 02:06:00,desktop,Germany
27,27_4,view,2026-01-22 03:16:00,mobile,Canada
27,27_4,add_to_cart,2026-01-22 04:59:00,mobile,UK
28,28_0,view,2026-01-21 03:59:00,desktop,Germany
28,28_1,view,2026-01-06 02:34:00,desktop,India
28,28_1,checkout,2026-01-06 03:54:00,desktop,UK
28,28_1,purchase,2026-01-06 03:17:00,desktop,USA
28,28_2,view,2026-01-08 02:32:00,mobile,Canada
28,28_2,add_to_cart,2026-01-08 02:21:00,mobile,Germany
28,28_3,view,2026-01-28 04:15:00,desktop,UK
28,28_3,add_to_cart,2026-01-28 03:01:00,mobile,UK
28,28_3,checkout,2026-01-28 02:09:00,mobile,USA
29,29_0,view,2026-01-10 01:08:00,mobile,India
29,29_0,add_to_cart,2026-01-10 02:48:00,desktop,UK
30,30_0,view,2026-01-05 04:17:00,desktop,UK
30,30_0,add_to_cart,2026-01-05 02:12:00,desktop,India
30,30_0,checkout,2026-01-05 02:54:00,mobile,Canada
30,30_1,view,2026-01-31 03:24:00,desktop,USA
30,30_1,checkout,2026-01-31 03:23:00,mobile,India
31,31_0,view,2026-01-04 05:00:00,desktop,India
31,31_0,add_to_cart,2026-01-04 00:56:00,mobile,Canada
31,31_0,checkout,2026-01-04 00:13:00,desktop,Germany
31,31_0,purchase,2026-01-04 01:54:00,mobile,Canada
31,31_1,view,2026-01-30 00:24:00,mobile,India
31,31_1,add_to_cart,2026-01-30 04:13:00,mobile,USA
31,31_1,checkout,2026-01-30 02:01:00,mobile,Canada
31,31_2,view,2026-01-15 04:37:00,desktop,Germany
31,31_2,add_to_cart,2026-01-15 01:20:00,desktop,USA
31,31_2,checkout,2026-01-15 04:11:00,desktop,India
31,31_2,purchase,2026-01-15 00:17:00,desktop,UK
31,31_3,view,2026-01-15 03:09:00,desktop,USA
31,31_3,add_to_cart,2026-01-15 03:24:00,desktop,UK
31,31_4,view,2026-01-31 01:49:00,mobile,USA
31,31_4,checkout,2026-01-31 02:51:00,mobile,UK
32,32_0,view,2026-01-07 01:51:00,mobile,India
32,32_0,checkout,2026-01-07 01:16:00,mobile,India
32,32_1,view,2026-01-28 01:30:00,mobile,USA
32,32_1,add_to_cart,2026-01-28 01:08:00,mobile,India
32,32_1,checkout,2026-01-28 02:02:00,desktop,USA
32,32_2,view,2026-01-06 00:59:00,mobile,Canada
32,32_3,view,2026-01-15 04:18:00,mobile,Germany
32,32_3,add_to_cart,2026-01-15 00:23:00,desktop,Canada
32,32_3,checkout,2026-01-15 00:16:00,mobile,Canada
32,32_4,view,2026-01-28 03:48:00,mobile,USA
32,32_4,add_to_cart,2026-01-28 02:45:00,mobile,USA
32,32_4,checkout,2026-01-28 01:05:00,desktop,Germany
33,33_0,view,2026-01-18 02:31:00,desktop,Germany
33,33_0,add_to_cart,2026-01-18 03:41:00,mobile,USA
33,33_1,view,2026-01-28 01:51:00,desktop,Canada
33,33_1,add_to_cart,2026-01-28 01:57:00,desktop,India
33,33_1,checkout,2026-01-28 03:53:00,desktop,Canada
33,33_2,view,2026-01-24 03:12:00,mobile,Canada
33,33_2,purchase,2026-01-24 00:35:00,mobile,USA
33,33_3,view,2026-01-03 01:07:00,mobile,Germany
33,33_3,add_to_cart,2026-01-03 04:48:00,desktop,USA
33,33_3,checkout,2026-01-03 03:31:00,desktop,Canada
33,33_4,view,2026-01-28 02:40:00,desktop,USA
33,33_4,add_to_cart,2026-01-28 04:56:00,mobile,UK
34,34_0,view,2026-01-08 00:59:00,desktop,Germany
34,34_0,add_to_cart,2026-01-08 01:56:00,desktop,Germany
34,34_1,view,2026-01-25 00:14:00,desktop,USA
34,34_1,add_to_cart,2026-01-25 01:33:00,desktop,India
34,34_1,checkout,2026-01-25 02:54:00,desktop,USA
34,34_1,purchase,2026-01-25 01:33:00,mobile,Germany
34,34_2,view,2026-01-22 00:16:00,mobile,Germany
34,34_2,add_to_cart,2026-01-22 01:51:00,desktop,Canada
34,34_2,purchase,2026-01-22 03:53:00,desktop,UK
34,34_3,view,2026-01-12 00:44:00,mobile,UK
34,34_3,add_to_cart,2026-01-12 01:21:00,mobile,USA
34,34_3,purchase,2026-01-12 02:20:00,desktop,Canada
35,35_0,view,2026-01-20 00:59:00,desktop,Canada
35,35_0,add_to_cart,2026-01-20 00:57:00,desktop,Germany
35,35_0,purchase,2026-01-20 04:10:00,desktop,USA
35,35_1,view,2026-01-08 02:35:00,mobile,UK
35,35_1,add_to_cart,2026-01-08 02:11:00,desktop,India
35,35_1,checkout,2026-01-08 01:02:00,mobile,Canada
35,35_2,view,2026-01-24 01:58:00,desktop,USA
35,35_2,add_to_cart,2026-01-24 03:24:00,mobile,Canada
35,35_3,view,2026-01-01 03:40:00,desktop,Canada
35,35_3,add_to_cart,2026-01-01 02:29:00,mobile,Canada
36,36_0,view,2026-01-31 03:06:00,mobile,Canada
36,36_0,add_to_cart,2026-01-31 00:55:00,mobile,Canada
36,36_0,checkout,2026-01-31 03:26:00,mobile,Canada
36,36_0,purchase,2026-01-31 02:39:00,desktop,UK
37,37_0,view,2026-01-25 04:22:00,mobile,India
37,37_0,checkout,2026-01-25 03:00:00,mobile,UK
37,37_1,view,2026-01-04 00:39:00,mobile,Canada
37,37_1,purchase,2026-01-04 03:58:00,desktop,Germany
37,37_2,view,2026-01-21 02:42:00,mobile,Canada
37,37_2,add_to_cart,2026-01-21 00:35:00,desktop,Canada
37,37_2,checkout,2026-01-21 02:36:00,desktop,Germany
37,37_2,purchase,2026-01-21 00:29:00,desktop,Germany
38,38_0,view,2026-01-10 02:27:00,mobile,USA
38,38_0,add_to_cart,2026-01-10 04:20:00,desktop,Canada
39,39_0,view,2026-01-18 04:53:00,mobile,India
39,39_0,add_to_cart,2026-01-18 04:04:00,mobile,USA
39,39_0,checkout,2026-01-18 03:51:00,mobile,India
39,39_1,view,2026-01-23 03:45:00,desktop,Germany
39,39_1,checkout,2026-01-23 04:28:00,mobile,India
39,39_2,view,2026-01-12 00:27:00,desktop,USA
39,39_2,add_to_cart,2026-01-12 02:49:00,mobile,Germany
39,39_2,purchase,2026-01-12 03:18:00,desktop,India
39,39_3,view,2026-01-24 01:17:00,desktop,USA
39,39_3,add_to_cart,2026-01-24 04:59:00,mobile,India
39,39_3,checkout,2026-01-24 02:39:00,desktop,UK
39,39_3,purchase,2026-01-24 00:44:00,desktop,Germany
39,39_4,view,2026-01-13 04:30:00,mobile,Canada
39,39_4,add_to_cart,2026-01-13 04:21:00,desktop,USA
40,40_0,view,2026-01-10 04:09:00,mobile,UK
40,40_0,purchase,2026-01-10 01:11:00,mobile,USA
40,40_1,view,2026-01-10 04:30:00,mobile,India
40,40_1,add_to_cart,2026-01-10 01:08:00,desktop,UK
40,40_1,purchase,2026-01-10 01:24:00,mobile,Germany
40,40_2,view,2026-01-26 03:07:00,mobile,Canada
40,40_2,add_to_cart,2026-01-26 02:26:00,desktop,UK
40,40_2,checkout,2026-01-26 04:34:00,mobile,India
41,41_0,view,2026-01-29 03:46:00,desktop,India
41,41_0,add_to_cart,2026-01-29 03:16:00,desktop,UK
41,41_0,purchase,2026-01-29 01:43:00,mobile,India
41,41_1,view,2026-01-02 00:53:00,mobile,India
41,41_1,add_to_cart,2026-01-02 00:43:00,mobile,India
41,41_1,checkout,2026-01-02 03:51:00,mobile,Canada
41,41_2,view,2026-01-03 02:59:00,mobile,Canada
41,41_2,add_to_cart,2026-01-03 00:28:00,desktop,Germany
41,41_3,view,2026-01-12 00:15:00,desktop,USA
41,41_3,checkout,2026-01-12 02:52:00,mobile,UK
42,42_0,view,2026-01-10 04:01:00,desktop,Germany
42,42_0,add_to_cart,2026-01-10 00:03:00,mobile,USA
42,42_0,purchase,2026-01-10 02:12:00,mobile,UK
43,43_0,view,2026-01-31 02:28:00,mobile,India
43,43_0,add_to_cart,2026-01-31 01:03:00,mobile,UK
43,43_0,checkout,2026-01-31 03:35:00,desktop,USA
43,43_1,view,2026-01-04 04:24:00,mobile,UK
43,43_1,add_to_cart,2026-01-04 02:30:00,desktop,USA
43,43_2,view,2026-01-20 00:44:00,desktop,USA
43,43_2,add_to_cart,2026-01-20 04:30:00,mobile,Canada
43,43_2,checkout,2026-01-20 04:01:00,mobile,Canada
43,43_3,view,2026-01-12 02:57:00,mobile,USA
43,43_3,purchase,2026-01-12 04:58:00,desktop,UK
43,43_4,view,2026-01-02 03:58:00,desktop,UK
43,43_4,add_to_cart,2026-01-02 01:10:00,mobile,Canada
43,43_4,purchase,2026-01-02 00:19:00,desktop,UK
44,44_0,view,2026-01-26 04:24:00,desktop,Germany
44,44_0,purchase,2026-01-26 04:03:00,desktop,USA
45,45_0,view,2026-01-10 02:50:00,desktop,USA
45,45_0,add_to_cart,2026-01-10 03:09:00,desktop,Canada
45,45_0,checkout,2026-01-10 03:46:00,desktop,India
45,45_0,purchase,2026-01-10 01:36:00,desktop,Canada
45,45_1,view,2026-01-12 03:38:00,mobile,Canada
45,45_1,add_to_cart,2026-01-12 01:33:00,desktop,India
45,45_1,checkout,2026-01-12 00:53:00,mobile,India
45,45_1,purchase,2026-01-12 02:32:00,desktop,Canada
46,46_0,view,2026-01-23 00:22:00,desktop,Germany
46,46_0,add_to_cart,2026-01-23 03:43:00,desktop,USA
46,46_0,checkout,2026-01-23 00:39:00,desktop,India
46,46_1,view,2026-01-17 01:14:00,desktop,USA
46,46_1,add_to_cart,2026-01-17 01:05:00,mobile,UK
46,46_1,checkout,2026-01-17 03:08:00,desktop,Canada
46,46_1,purchase,2026-01-17 04:51:00,mobile,Germany
46,46_2,view,2026-01-05 00:40:00,mobile,Germany
46,46_2,add_to_cart,2026-01-05 03:08:00,desktop,India
46,46_2,checkout,2026-01-05 02:23:00,mobile,USA
46,46_3,view,2026-01-01 04:48:00,mobile,India
46,46_3,add_to_cart,2026-01-01 02:14:00,desktop,UK
46,46_4,view,2026-01-20 01:03:00,mobile,USA
46,46_4,checkout,2026-01-20 03:52:00,mobile,Canada
47,47_0,view,2026-01-26 02:58:00,mobile,Germany
47,47_0,add_to_cart,2026-01-26 04:38:00,desktop,India
47,47_0,checkout,2026-01-26 01:21:00,mobile,India
48,48_0,view,2026-01-08 04:13:00,mobile,India
48,48_1,view,2026-01-18 01:07:00,mobile,USA
48,48_1,add_to_cart,2026-01-18 02:39:00,desktop,Canada
48,48_1,purchase,2026-01-18 04:30:00,desktop,Canada
48,48_2,view,2026-01-27 00:38:00,desktop,Canada
48,48_2,add_to_cart,2026-01-27 04:25:00,desktop,UK
48,48_3,view,2026-01-29 01:07:00,desktop,Germany
48,48_3,add_to_cart,2026-01-29 00:29:00,mobile,Germany
48,48_3,checkout,2026-01-29 01:19:00,desktop,UK
48,48_4,view,2026-01-06 04:26:00,desktop,USA
48,48_4,add_to_cart,2026-01-06 02:09:00,mobile,Germany
48,48_4,checkout,2026-01-06 02:21:00,mobile,India
49,49_0,view,2026-01-18 04:58:00,mobile,UK
49,49_0,checkout,2026-01-18 02:53:00,mobile,USA
49,49_1,view,2026-01-03 01:48:00,desktop,Germany
49,49_1,checkout,2026-01-03 00:16:00,desktop,Germany
49,49_2,view,2026-01-10 03:28:00,desktop,Canada
49,49_2,add_to_cart,2026-01-10 00:38:00,mobile,UK
49,49_3,view,2026-01-15 01:14:00,desktop,India
49,49_3,add_to_cart,2026-01-15 02:57:00,desktop,UK
49,49_4,view,2026-01-25 03:59:00,mobile,India
49,49_4,add_to_cart,2026-01-25 03:51:00,mobile,UK
49,49_4,checkout,2026-01-25 00:50:00,mobile,India
50,50_0,view,2026-01-28 01:22:00,desktop,Germany
50,50_0,add_to_cart,2026-01-28 02:41:00,mobile,UK
50,50_0,purchase,2026-01-28 04:16:00,desktop,Canada
50,50_1,view,2026-01-29 04:19:00,desktop,UK
50,50_1,add_to_cart,2026-01-29 01:51:00,desktop,USA
50,50_1,purchase,2026-01-29 00:26:00,desktop,Canada
50,50_2,view,2026-01-20 04:35:00,mobile,USA
50,50_2,add_to_cart,2026-01-20 03:41:00,mobile,India
50,50_2,checkout,2026-01-20 03:08:00,desktop,India
50,50_3,view,2026-01-02 04:44:00,desktop,USA
50,50_3,add_to_cart,2026-01-02 03:18:00,desktop,Germany
50,50_3,checkout,2026-01-02 02:24:00,mobile,UK
51,51_0,view,2026-01-13 03:08:00,mobile,UK
51,51_0,add_to_cart,2026-01-13 04:21:00,desktop,Germany
51,51_0,checkout,2026-01-13 00:21:00,mobile,USA
52,52_0,view,2026-01-23 04:24:00,mobile,India
52,52_0,add_to_cart,2026-01-23 02:44:00,mobile,Canada
52,52_1,view,2026-01-20 04:21:00,desktop,Germany
52,52_1,add_to_cart,2026-01-20 02:34:00,desktop,USA
53,53_0,view,2026-01-11 00:14:00,desktop,India
53,53_0,add_to_cart,2026-01-11 04:57:00,mobile,USA
53,53_0,checkout,2026-01-11 04:59:00,desktop,UK
53,53_1,view,2026-01-17 01:16:00,mobile,USA
53,53_1,add_to_cart,2026-01-17 04:54:00,mobile,UK
53,53_1,checkout,2026-01-17 00:10:00,desktop,India
53,53_1,purchase,2026-01-17 03:35:00,mobile,Canada
53,53_2,view,2026-01-23 04:02:00,mobile,UK
53,53_2,checkout,2026-01-23 04:26:00,mobile,Germany
53,53_2,purchase,2026-01-23 02:47:00,desktop,Germany
54,54_0,view,2026-01-11 04:40:00,desktop,India
54,54_0,add_to_cart,2026-01-11 04:08:00,mobile,UK
54,54_1,view,2026-01-09 02:33:00,desktop,UK
54,54_1,add_to_cart,2026-01-09 04:11:00,desktop,Canada
54,54_1,purchase,2026-01-09 02:59:00,desktop,India
54,54_2,view,2026-01-04 03:23:00,desktop,UK
54,54_2,add_to_cart,2026-01-04 02:29:00,mobile,India
54,54_2,checkout,2026-01-04 00:41:00,desktop,Canada
54,54_2,purchase,2026-01-04 02:12:00,desktop,UK
54,54_3,view,2026-01-07 02:20:00,mobile,USA
54,54_3,add_to_cart,2026-01-07 02:03:00,mobile,USA
55,55_0,view,2026-01-08 04:02:00,mobile,UK
55,55_0,add_to_cart,2026-01-08 00:03:00,mobile,Canada
55,55_1,view,2026-01-21 01:43:00,desktop,India
55,55_1,add_to_cart,2026-01-21 02:27:00,mobile,USA
55,55_1,checkout,2026-01-21 04:54:00,mobile,Germany
55,55_2,view,2026-01-24 01:30:00,desktop,UK
55,55_2,add_to_cart,2026-01-24 00:19:00,desktop,Canada
55,55_2,checkout,2026-01-24 01:36:00,desktop,USA
55,55_2,purchase,2026-01-24 00:05:00,desktop,Germany
55,55_3,view,2026-01-20 04:39:00,desktop,UK
55,55_3,checkout,2026-01-20 04:19:00,desktop,India
55,55_4,view,2026-01-07 02:12:00,mobile,USA
55,55_4,add_to_cart,2026-01-07 02:53:00,desktop,Germany
55,55_4,purchase,2026-01-07 01:39:00,mobile,Germany
56,56_0,view,2026-01-27 00:49:00,mobile,UK
56,56_0,add_to_cart,2026-01-27 04:05:00,desktop,UK
56,56_1,view,2026-01-01 02:49:00,desktop,Germany
56,56_1,purchase,2026-01-01 04:54:00,mobile,India
56,56_2,view,2026-01-21 03:59:00,desktop,UK
56,56_2,add_to_cart,2026-01-21 03:28:00,desktop,USA
56,56_2,purchase,2026-01-21 02:32:00,desktop,Germany
56,56_3,view,2026-01-08 03:12:00,desktop,Germany
57,57_0,view,2026-01-25 02:07:00,mobile,Germany
57,57_0,add_to_cart,2026-01-25 03:49:00,desktop,USA
57,57_0,checkout,2026-01-25 04:49:00,mobile,USA
57,57_1,view,2026-01-27 01:17:00,mobile,India
57,57_1,add_to_cart,2026-01-27 04:27:00,desktop,USA
57,57_1,checkout,2026-01-27 01:46:00,desktop,USA
57,57_2,view,2026-01-29 04:23:00,desktop,Canada
57,57_2,add_to_cart,2026-01-29 04:49:00,mobile,Germany
57,57_2,checkout,2026-01-29 03:57:00,desktop,USA
57,57_3,view,2026-01-13 00:38:00,mobile,Canada
58,58_0,view,2026-01-23 00:36:00,desktop,USA
58,58_0,checkout,2026-01-23 02:27:00,desktop,UK
58,58_0,purchase,2026-01-23 01:10:00,desktop,India
58,58_1,view,2026-01-29 03:13:00,mobile,Germany
58,58_1,add_to_cart,2026-01-29 01:09:00,desktop,USA
58,58_1,checkout,2026-01-29 01:32:00,desktop,Germany
58,58_1,purchase,2026-01-29 01:06:00,mobile,USA
58,58_2,view,2026-01-25 04:39:00,desktop,Germany
58,58_2,purchase,2026-01-25 03:15:00,mobile,UK
59,59_0,view,2026-01-12 00:58:00,mobile,Canada
59,59_0,purchase,2026-01-12 00:09:00,mobile,UK
59,59_1,view,2026-01-03 00:25:00,mobile,USA
59,59_2,view,2026-01-13 00:29:00,mobile,Germany
59,59_2,add_to_cart,2026-01-13 02:29:00,mobile,Germany
59,59_2,checkout,2026-01-13 02:44:00,desktop,UK
59,59_2,purchase,2026-01-13 02:35:00,mobile,Germany
59,59_3,view,2026-01-08 01:30:00,desktop,Germany
59,59_3,add_to_cart,2026-01-08 04:14:00,mobile,India
60,60_0,view,2026-01-26 02:34:00,desktop,UK
60,60_0,add_to_cart,2026-01-26 04:36:00,desktop,UK
60,60_0,checkout,2026-01-26 01:56:00,desktop,UK
60,60_1,view,2026-01-26 03:34:00,mobile,Canada
60,60_1,add_to_cart,2026-01-26 02:05:00,desktop,UK
60,60_2,view,2026-01-11 00:48:00,mobile,USA
60,60_2,add_to_cart,2026-01-11 02:18:00,desktop,Germany
60,60_2,checkout,2026-01-11 00:21:00,mobile,UK
60,60_2,purchase,2026-01-11 04:47:00,mobile,Canada
60,60_3,view,2026-01-07 00:08:00,mobile,UK
60,60_3,add_to_cart,2026-01-07 01:01:00,desktop,UK
60,60_3,purchase,2026-01-07 01:45:00,desktop,UK
61,61_0,view,2026-01-11 03:04:00,desktop,India
61,61_0,add_to_cart,2026-01-11 03:05:00,desktop,Canada
61,61_1,view,2026-01-04 02:44:00,mobile,India
61,61_1,add_to_cart,2026-01-04 02:41:00,desktop,USA
61,61_1,checkout,2026-01-04 04:49:00,mobile,UK
61,61_1,purchase,2026-01-04 00:09:00,desktop,Germany
61,61_2,view,2026-01-30 01:41:00,desktop,UK
61,61_2,add_to_cart,2026-01-30 03:15:00,mobile,Canada
61,61_2,checkout,2026-01-30 04:42:00,desktop,India
61,61_3,view,2026-01-25 04:12:00,desktop,UK
61,61_3,add_to_cart,2026-01-25 03:01:00,mobile,UK
61,61_3,checkout,2026-01-25 04:40:00,desktop,UK
61,61_3,purchase,2026-01-25 04:38:00,mobile,Germany
61,61_4,view,2026-01-02 00:25:00,mobile,Canada
61,61_4,add_to_cart,2026-01-02 01:11:00,mobile,USA
61,61_4,purchase,2026-01-02 01:18:00,mobile,UK
62,62_0,view,2026-01-15 04:08:00,desktop,USA
62,62_0,add_to_cart,2026-01-15 00:04:00,desktop,USA
62,62_0,checkout,2026-01-15 00:09:00,desktop,Germany
62,62_0,purchase,2026-01-15 02:27:00,mobile,Germany
62,62_1,view,2026-01-27 01:32:00,mobile,USA
62,62_1,add_to_cart,2026-01-27 04:29:00,mobile,UK
62,62_1,purchase,2026-01-27 01:39:00,desktop,India
62,62_2,view,2026-01-09 03:56:00,mobile,UK
62,62_2,add_to_cart,2026-01-09 02:34:00,mobile,USA
62,62_2,purchase,2026-01-09 00:48:00,desktop,Canada
62,62_3,view,2026-01-13 01:28:00,mobile,Canada
62,62_3,add_to_cart,2026-01-13 03:43:00,desktop,Germany
62,62_4,view,2026-01-28 01:58:00,mobile,Germany
62,62_4,add_to_cart,2026-01-28 04:04:00,desktop,USA
62,62_4,checkout,2026-01-28 00:39:00,desktop,Germany
62,62_4,purchase,2026-01-28 04:49:00,mobile,UK
63,63_0,view,2026-01-01 03:24:00,mobile,India
63,63_0,add_to_cart,2026-01-01 01:24:00,mobile,Germany
63,63_0,checkout,2026-01-01 03:20:00,desktop,Canada
63,63_0,purchase,2026-01-01 01:12:00,mobile,Germany
63,63_1,view,2026-01-24 00:39:00,desktop,Germany
63,63_1,add_to_cart,2026-01-24 03:24:00,desktop,USA
63,63_2,view,2026-01-21 03:03:00,desktop,Canada
63,63_2,checkout,2026-01-21 01:36:00,desktop,USA
64,64_0,view,2026-01-10 01:19:00,desktop,UK
64,64_0,add_to_cart,2026-01-10 03:20:00,desktop,India
64,64_0,checkout,2026-01-10 00:55:00,mobile,USA
64,64_1,view,2026-01-31 01:08:00,mobile,UK
64,64_1,add_to_cart,2026-01-31 03:41:00,desktop,Germany
64,64_2,view,2026-01-18 04:44:00,mobile,Germany
64,64_2,add_to_cart,2026-01-18 02:47:00,desktop,USA
64,64_3,view,2026-01-10 04:47:00,mobile,Germany
64,64_3,add_to_cart,2026-01-10 04:27:00,mobile,Canada
64,64_3,checkout,2026-01-10 01:27:00,mobile,India
64,64_3,purchase,2026-01-10 02:35:00,desktop,Canada
64,64_4,view,2026-01-05 04:08:00,mobile,India
65,65_0,view,2026-01-31 01:41:00,desktop,USA
65,65_0,checkout,2026-01-31 01:10:00,desktop,USA
65,65_1,view,2026-01-31 02:49:00,desktop,India
65,65_1,add_to_cart,2026-01-31 03:41:00,mobile,India
65,65_1,checkout,2026-01-31 02:45:00,mobile,Canada
65,65_2,view,2026-01-11 04:12:00,mobile,India
66,66_0,view,2026-01-09 04:49:00,mobile,Germany
66,66_0,add_to_cart,2026-01-09 04:40:00,mobile,Germany
66,66_1,view,2026-01-01 03:45:00,desktop,USA
66,66_1,add_to_cart,2026-01-01 03:30:00,desktop,UK
66,66_1,purchase,2026-01-01 02:36:00,mobile,India
66,66_2,view,2026-01-22 03:50:00,desktop,Germany
66,66_3,view,2026-01-13 03:35:00,mobile,India
66,66_3,add_to_cart,2026-01-13 04:35:00,mobile,USA
66,66_3,checkout,2026-01-13 02:08:00,desktop,UK
66,66_3,purchase,2026-01-13 00:23:00,desktop,India
67,67_0,view,2026-01-04 04:26:00,mobile,Canada
67,67_1,view,2026-01-12 04:17:00,mobile,India
67,67_1,add_to_cart,2026-01-12 00:13:00,desktop,USA
67,67_1,checkout,2026-01-12 02:32:00,desktop,USA
67,67_2,view,2026-01-04 02:56:00,desktop,UK
67,67_2,add_to_cart,2026-01-04 04:27:00,desktop,India
67,67_2,checkout,2026-01-04 04:04:00,mobile,Canada
67,67_3,view,2026-01-24 00:59:00,mobile,India
67,67_3,add_to_cart,2026-01-24 00:56:00,mobile,UK
68,68_0,view,2026-01-06 03:57:00,mobile,Canada
68,68_0,add_to_cart,2026-01-06 01:35:00,mobile,Canada
68,68_1,view,2026-01-13 03:40:00,desktop,USA
68,68_1,checkout,2026-01-13 01:50:00,mobile,India
68,68_2,view,2026-01-25 04:35:00,mobile,India
68,68_2,add_to_cart,2026-01-25 02:47:00,mobile,Canada
68,68_2,checkout,2026-01-25 00:59:00,desktop,Canada
68,68_3,view,2026-01-17 03:21:00,mobile,India
68,68_3,add_to_cart,2026-01-17 03:01:00,desktop,Germany
68,68_4,view,2026-01-06 00:44:00,mobile,India
68,68_4,add_to_cart,2026-01-06 01:01:00,mobile,India
68,68_4,checkout,2026-01-06 01:00:00,mobile,India
69,69_0,view,2026-01-17 03:37:00,mobile,Canada
69,69_0,add_to_cart,2026-01-17 04:36:00,mobile,Germany
69,69_0,checkout,2026-01-17 01:26:00,desktop,India
69,69_1,view,2026-01-05 03:04:00,mobile,Canada
69,69_1,checkout,2026-01-05 01:10:00,mobile,Canada
69,69_1,purchase,2026-01-05 04:48:00,desktop,Canada
70,70_0,view,2026-01-14 04:50:00,mobile,UK
70,70_0,add_to_cart,2026-01-14 02:30:00,mobile,India
70,70_1,view,2026-01-08 04:14:00,mobile,Germany
70,70_1,add_to_cart,2026-01-08 00:59:00,desktop,Germany
70,70_2,view,2026-01-27 03:46:00,mobile,Canada
70,70_2,add_to_cart,2026-01-27 00:53:00,mobile,India
70,70_2,checkout,2026-01-27 00:17:00,desktop,India
70,70_2,purchase,2026-01-27 02:59:00,mobile,Canada
70,70_3,view,2026-01-28 03:00:00,desktop,UK
70,70_3,add_to_cart,2026-01-28 01:12:00,mobile,UK
70,70_3,checkout,2026-01-28 00:31:00,desktop,Germany
71,71_0,view,2026-01-20 02:29:00,desktop,Germany
71,71_0,add_to_cart,2026-01-20 00:49:00,mobile,Canada
71,71_0,purchase,2026-01-20 00:31:00,desktop,UK
71,71_1,view,2026-01-23 02:07:00,desktop,Canada
71,71_1,add_to_cart,2026-01-23 01:13:00,desktop,Canada
71,71_1,purchase,2026-01-23 03:13:00,desktop,USA
71,71_2,view,2026-01-21 02:23:00,desktop,Canada
71,71_2,add_to_cart,2026-01-21 04:10:00,desktop,Germany
71,71_2,checkout,2026-01-21 00:02:00,mobile,Canada
72,72_0,view,2026-01-28 03:40:00,mobile,Canada
72,72_0,checkout,2026-01-28 02:18:00,desktop,India
72,72_1,view,2026-01-11 02:56:00,mobile,USA
72,72_1,add_to_cart,2026-01-11 00:51:00,desktop,USA
72,72_1,purchase,2026-01-11 01:04:00,mobile,Canada
72,72_2,view,2026-01-15 01:08:00,desktop,UK
72,72_2,checkout,2026-01-15 02:21:00,mobile,India
73,73_0,view,2026-01-03 03:23:00,desktop,UK
73,73_0,add_to_cart,2026-01-03 03:40:00,mobile,USA
73,73_0,checkout,2026-01-03 00:01:00,mobile,Canada
73,73_1,view,2026-01-03 00:05:00,mobile,India
73,73_1,purchase,2026-01-03 01:02:00,desktop,UK
73,73_2,view,2026-01-16 00:53:00,mobile,India
73,73_2,purchase,2026-01-16 03:09:00,desktop,UK
74,74_0,view,2026-01-25 01:14:00,mobile,Germany
74,74_0,add_to_cart,2026-01-25 04:49:00,mobile,Germany
74,74_0,checkout,2026-01-25 01:25:00,desktop,India
74,74_0,purchase,2026-01-25 01:50:00,mobile,Canada
74,74_1,view,2026-01-20 00:52:00,mobile,USA
74,74_1,add_to_cart,2026-01-20 03:17:00,desktop,Canada
74,74_1,checkout,2026-01-20 02:42:00,mobile,UK
74,74_2,view,2026-01-09 02:26:00,mobile,India
74,74_2,add_to_cart,2026-01-09 01:46:00,mobile,Canada
74,74_2,purchase,2026-01-09 02:32:00,mobile,UK
74,74_3,view,2026-01-16 00:37:00,mobile,India
74,74_3,add_to_cart,2026-01-16 02:43:00,mobile,Canada
74,74_3,purchase,2026-01-16 04:52:00,desktop,India
75,75_0,view,2026-01-22 00:38:00,mobile,Germany
75,75_0,purchase,2026-01-22 00:35:00,mobile,India
75,75_1,view,2026-01-07 04:20:00,desktop,Germany
75,75_1,purchase,2026-01-07 03:33:00,desktop,Canada
75,75_2,view,2026-01-03 00:43:00,desktop,USA
75,75_2,add_to_cart,2026-01-03 04:22:00,mobile,UK
75,75_2,checkout,2026-01-03 04:35:00,desktop,Canada
75,75_3,view,2026-01-19 00:34:00,desktop,Canada
75,75_3,add_to_cart,2026-01-19 02:03:00,mobile,UK
75,75_3,checkout,2026-01-19 00:45:00,desktop,USA
75,75_3,purchase,2026-01-19 03:53:00,mobile,India
75,75_4,view,2026-01-22 01:11:00,mobile,UK
75,75_4,add_to_cart,2026-01-22 04:15:00,desktop,Germany
75,75_4,checkout,2026-01-22 04:25:00,desktop,UK
76,76_0,view,2026-01-05 01:01:00,mobile,India
76,76_0,add_to_cart,2026-01-05 03:40:00,desktop,Germany
76,76_0,checkout,2026-01-05 00:33:00,desktop,Germany
76,76_0,purchase,2026-01-05 00:40:00,desktop,Canada
76,76_1,view,2026-01-17 03:09:00,mobile,India
76,76_1,add_to_cart,2026-01-17 00:53:00,mobile,UK
76,76_2,view,2026-01-24 02:06:00,mobile,Canada
76,76_2,add_to_cart,2026-01-24 03:07:00,desktop,UK
76,76_2,purchase,2026-01-24 01:32:00,mobile,Germany
77,77_0,view,2026-01-08 02:19:00,mobile,Germany
77,77_0,add_to_cart,2026-01-08 03:11:00,mobile,Germany
77,77_0,purchase,2026-01-08 00:27:00,mobile,UK
77,77_1,view,2026-01-26 03:59:00,desktop,India
77,77_1,add_to_cart,2026-01-26 02:48:00,mobile,Germany
77,77_2,view,2026-01-15 02:36:00,mobile,Canada
77,77_3,view,2026-01-12 01:41:00,mobile,UK
77,77_3,add_to_cart,2026-01-12 00:04:00,desktop,USA
77,77_3,purchase,2026-01-12 02:00:00,desktop,USA
78,78_0,view,2026-01-01 02:38:00,mobile,UK
78,78_0,add_to_cart,2026-01-01 04:32:00,mobile,Canada
78,78_0,purchase,2026-01-01 04:12:00,mobile,UK
78,78_1,view,2026-01-23 04:27:00,desktop,India
78,78_2,view,2026-01-15 01:09:00,desktop,USA
78,78_2,add_to_cart,2026-01-15 04:51:00,mobile,Canada
79,79_0,view,2026-01-08 03:22:00,desktop,India
79,79_0,checkout,2026-01-08 03:52:00,desktop,UK
79,79_0,purchase,2026-01-08 00:39:00,mobile,UK
79,79_1,view,2026-01-25 03:51:00,desktop,India
79,79_1,add_to_cart,2026-01-25 03:29:00,mobile,Germany
80,80_0,view,2026-01-31 01:02:00,mobile,UK
80,80_0,add_to_cart,2026-01-31 02:36:00,mobile,UK
80,80_1,view,2026-01-27 03:03:00,desktop,Germany
80,80_1,add_to_cart,2026-01-27 00:26:00,desktop,India
80,80_1,purchase,2026-01-27 01:30:00,mobile,Canada
80,80_2,view,2026-01-28 03:57:00,mobile,UK
80,80_2,add_to_cart,2026-01-28 01:03:00,mobile,USA
80,80_2,checkout,2026-01-28 01:54:00,mobile,UK
81,81_0,view,2026-01-12 02:13:00,mobile,USA
81,81_0,add_to_cart,2026-01-12 00:34:00,mobile,Canada
81,81_0,checkout,2026-01-12 01:06:00,mobile,India
81,81_1,view,2026-01-04 04:54:00,desktop,Canada
81,81_2,view,2026-01-16 01:50:00,mobile,India
81,81_2,checkout,2026-01-16 02:24:00,desktop,UK
81,81_3,view,2026-01-02 04:16:00,desktop,Germany
81,81_3,add_to_cart,2026-01-02 04:06:00,mobile,USA
81,81_3,checkout,2026-01-02 02:24:00,desktop,UK
81,81_3,purchase,2026-01-02 03:35:00,mobile,Germany
82,82_0,view,2026-01-21 03:16:00,desktop,Canada
82,82_0,add_to_cart,2026-01-21 04:39:00,desktop,India
82,82_0,checkout,2026-01-21 04:50:00,desktop,Canada
82,82_1,view,2026-01-09 02:24:00,mobile,Canada
83,83_0,view,2026-01-12 00:52:00,mobile,UK
83,83_0,add_to_cart,2026-01-12 02:17:00,mobile,UK
83,83_0,checkout,2026-01-12 04:55:00,desktop,India
83,83_0,purchase,2026-01-12 01:29:00,mobile,UK
83,83_1,view,2026-01-19 00:15:00,desktop,Germany
83,83_1,add_to_cart,2026-01-19 04:49:00,mobile,Germany
83,83_1,checkout,2026-01-19 01:37:00,desktop,Germany
83,83_2,view,2026-01-10 01:53:00,mobile,Germany
83,83_3,view,2026-01-16 01:07:00,desktop,UK
83,83_3,checkout,2026-01-16 02:46:00,mobile,USA
83,83_4,view,2026-01-05 04:30:00,desktop,USA
83,83_4,add_to_cart,2026-01-05 03:12:00,desktop,Germany
83,83_4,checkout,2026-01-05 00:52:00,desktop,India
83,83_4,purchase,2026-01-05 02:46:00,mobile,UK
84,84_0,view,2026-01-26 04:48:00,desktop,UK
84,84_0,add_to_cart,2026-01-26 01:30:00,desktop,India
84,84_1,view,2026-01-24 04:54:00,desktop,Germany
84,84_1,add_to_cart,2026-01-24 00:17:00,mobile,Germany
84,84_1,purchase,2026-01-24 02:43:00,mobile,Germany
84,84_2,view,2026-01-04 02:02:00,desktop,India
84,84_2,add_to_cart,2026-01-04 01:26:00,mobile,India
84,84_2,purchase,2026-01-04 03:49:00,mobile,India
84,84_3,view,2026-01-07 00:56:00,mobile,USA
85,85_0,view,2026-01-15 04:13:00,desktop,India
85,85_0,add_to_cart,2026-01-15 04:40:00,desktop,USA
85,85_0,checkout,2026-01-15 04:06:00,mobile,UK
85,85_0,purchase,2026-01-15 03:52:00,mobile,USA
85,85_1,view,2026-01-10 02:56:00,mobile,Canada
85,85_2,view,2026-01-06 00:48:00,desktop,Germany
85,85_2,add_to_cart,2026-01-06 04:08:00,mobile,Canada
85,85_2,checkout,2026-01-06 01:25:00,desktop,UK
85,85_2,purchase,2026-01-06 00:28:00,mobile,India
85,85_3,view,2026-01-07 04:37:00,desktop,India
85,85_3,add_to_cart,2026-01-07 02:33:00,mobile,USA
86,86_0,view,2026-01-13 03:05:00,mobile,Canada
86,86_0,add_to_cart,2026-01-13 00:45:00,desktop,Germany
86,86_0,checkout,2026-01-13 04:06:00,mobile,USA
87,87_0,view,2026-01-07 01:00:00,desktop,Canada
88,88_0,view,2026-01-16 03:19:00,mobile,India
88,88_0,add_to_cart,2026-01-16 03:16:00,desktop,UK
88,88_0,purchase,2026-01-16 03:49:00,mobile,India
88,88_1,view,2026-01-15 00:32:00,mobile,USA
88,88_1,add_to_cart,2026-01-15 00:44:00,desktop,Germany
88,88_2,view,2026-01-14 03:19:00,desktop,Germany
88,88_2,add_to_cart,2026-01-14 04:04:00,mobile,Canada
88,88_2,checkout,2026-01-14 02:34:00,mobile,Canada
88,88_3,view,2026-01-29 04:25:00,mobile,USA
88,88_3,add_to_cart,2026-01-29 03:50:00,mobile,UK
89,89_0,view,2026-01-26 03:43:00,mobile,UK
89,89_1,view,2026-01-27 00:35:00,mobile,Canada
89,89_1,add_to_cart,2026-01-27 04:45:00,desktop,Germany
89,89_1,purchase,2026-01-27 02:47:00,desktop,Germany
90,90_0,view,2026-01-30 04:28:00,desktop,USA
90,90_0,add_to_cart,2026-01-30 03:33:00,mobile,UK
90,90_0,checkout,2026-01-30 04:51:00,mobile,USA
90,90_0,purchase,2026-01-30 04:49:00,mobile,India
90,90_1,view,2026-01-28 03:17:00,desktop,Germany
90,90_1,add_to_cart,2026-01-28 04:03:00,mobile,UK
90,90_2,view,2026-01-09 03:26:00,mobile,Canada
90,90_2,add_to_cart,2026-01-09 02:50:00,mobile,USA
90,90_2,checkout,2026-01-09 04:04:00,desktop,India
90,90_2,purchase,2026-01-09 00:11:00,desktop,India
90,90_3,view,2026-01-10 00:51:00,mobile,UK
90,90_3,purchase,2026-01-10 02:34:00,desktop,India
91,91_0,view,2026-01-24 01:49:00,desktop,Canada
91,91_0,add_to_cart,2026-01-24 04:25:00,desktop,USA
91,91_0,checkout,2026-01-24 04:24:00,mobile,USA
91,91_1,view,2026-01-10 04:29:00,mobile,UK
91,91_1,add_to_cart,2026-01-10 01:39:00,mobile,USA
91,91_1,purchase,2026-01-10 02:08:00,mobile,Canada
91,91_2,view,2026-01-02 03:58:00,desktop,USA
91,91_2,add_to_cart,2026-01-02 00:16:00,mobile,India
91,91_2,checkout,2026-01-02 04:11:00,desktop,UK
92,92_0,view,2026-01-19 02:13:00,mobile,India
92,92_0,add_to_cart,2026-01-19 00:15:00,desktop,USA
92,92_0,purchase,2026-01-19 01:24:00,mobile,UK
92,92_1,view,2026-01-21 04:23:00,mobile,USA
92,92_1,purchase,2026-01-21 04:03:00,mobile,UK
92,92_2,view,2026-01-20 02:37:00,desktop,Canada
92,92_2,add_to_cart,2026-01-20 03:13:00,desktop,Canada
92,92_2,purchase,2026-01-20 02:10:00,mobile,Canada
92,92_3,view,2026-01-10 00:53:00,mobile,Germany
92,92_3,add_to_cart,2026-01-10 03:12:00,desktop,India
92,92_3,checkout,2026-01-10 00:56:00,desktop,USA
93,93_0,view,2026-01-09 02:33:00,mobile,UK
93,93_0,add_to_cart,2026-01-09 04:25:00,mobile,USA
93,93_0,checkout,2026-01-09 03:27:00,desktop,UK
93,93_1,view,2026-01-24 03:35:00,desktop,Canada
93,93_2,view,2026-01-24 01:38:00,desktop,UK
93,93_2,checkout,2026-01-24 04:34:00,desktop,India
94,94_0,view,2026-01-10 01:33:00,desktop,USA
94,94_0,add_to_cart,2026-01-10 04:02:00,mobile,India
94,94_0,checkout,2026-01-10 04:47:00,mobile,India
94,94_0,purchase,2026-01-10 00:46:00,mobile,India
94,94_1,view,2026-01-08 02:50:00,desktop,India
94,94_1,add_to_cart,2026-01-08 05:00:00,desktop,Canada
94,94_1,purchase,2026-01-08 01:01:00,desktop,USA
94,94_2,view,2026-01-28 04:02:00,mobile,Germany
94,94_2,add_to_cart,2026-01-28 01:02:00,desktop,Germany
94,94_2,checkout,2026-01-28 02:33:00,desktop,USA
94,94_2,purchase,2026-01-28 01:18:00,mobile,UK
94,94_3,view,2026-01-11 03:55:00,mobile,India
94,94_3,add_to_cart,2026-01-11 01:33:00,mobile,Canada
94,94_3,checkout,2026-01-11 02:51:00,mobile,India
94,94_3,purchase,2026-01-11 00:30:00,mobile,Canada
94,94_4,view,2026-01-09 01:22:00,desktop,USA
94,94_4,checkout,2026-01-09 01:07:00,desktop,Canada
95,95_0,view,2026-01-14 01:43:00,desktop,USA
95,95_0,add_to_cart,2026-01-14 02:45:00,mobile,USA
95,95_1,view,2026-01-22 02:57:00,desktop,UK
95,95_1,checkout,2026-01-22 00:53:00,desktop,Germany
95,95_2,view,2026-01-19 02:29:00,desktop,Germany
95,95_2,add_to_cart,2026-01-19 04:29:00,desktop,Canada
95,95_3,view,2026-01-29 04:11:00,desktop,UK
95,95_3,add_to_cart,2026-01-29 01:25:00,desktop,USA
95,95_3,purchase,2026-01-29 01:57:00,mobile,UK
96,96_0,view,2026-01-24 00:20:00,desktop,India
96,96_0,checkout,2026-01-24 04:34:00,mobile,Germany
96,96_1,view,2026-01-02 01:00:00,desktop,Canada
96,96_1,add_to_cart,2026-01-02 03:15:00,mobile,Germany
96,96_1,checkout,2026-01-02 02:10:00,desktop,UK
97,97_0,view,2026-01-23 00:52:00,desktop,Germany
97,97_0,add_to_cart,2026-01-23 01:11:00,desktop,USA
97,97_1,view,2026-01-17 00:55:00,desktop,UK
97,97_1,add_to_cart,2026-01-17 01:43:00,desktop,Germany
98,98_0,view,2026-01-12 04:15:00,mobile,Canada
98,98_0,add_to_cart,2026-01-12 02:50:00,mobile,USA
98,98_1,view,2026-01-01 04:13:00,mobile,USA
98,98_1,add_to_cart,2026-01-01 04:22:00,mobile,USA
98,98_1,checkout,2026-01-01 02:12:00,mobile,Canada
98,98_1,purchase,2026-01-01 02:32:00,desktop,Canada
99,99_0,view,2026-01-04 03:05:00,desktop,Canada
99,99_0,add_to_cart,2026-01-04 01:00:00,mobile,USA
99,99_0,checkout,2026-01-04 00:05:00,mobile,UK
99,99_0,purchase,2026-01-04 02:49:00,desktop,Canada
100,100_0,view,2026-01-09 01:34:00,mobile,Canada
100,100_0,add_to_cart,2026-01-09 03:25:00,desktop,India
100,100_0,purchase,2026-01-09 03:18:00,desktop,Canada
100,100_1,view,2026-01-21 00:31:00,mobile,USA
100,100_1,add_to_cart,2026-01-21 03:34:00,desktop,Germany
100,100_2,view,2026-01-22 00:15:00,mobile,Canada
100,100_2,add_to_cart,2026-01-22 04:10:00,mobile,Canada
100,100_2,checkout,2026-01-22 03:46:00,mobile,USA
100,100_2,purchase,2026-01-22 02:14:00,desktop,USA
100,100_3,view,2026-01-23 04:50:00,mobile,India
100,100_3,add_to_cart,2026-01-23 04:26:00,mobile,Canada
100,100_3,checkout,2026-01-23 02:08:00,desktop,India
100,100_3,purchase,2026-01-23 03:18:00,mobile,Germany
100,100_4,view,2026-01-29 01:21:00,desktop,Canada
100,100_4,add_to_cart,2026-01-29 01:25:00,mobile,Canada
100,100_4,purchase,2026-01-29 02:45:00,mobile,India
101,101_0,view,2026-01-02 02:01:00,mobile,Canada
101,101_0,add_to_cart,2026-01-02 03:48:00,desktop,USA
101,101_0,checkout,2026-01-02 04:16:00,desktop,India
101,101_1,view,2026-01-04 03:27:00,desktop,USA
101,101_1,add_to_cart,2026-01-04 04:46:00,mobile,USA
101,101_1,checkout,2026-01-04 02:36:00,mobile,Canada
101,101_2,view,2026-01-31 03:53:00,desktop,Germany
101,101_2,add_to_cart,2026-01-31 04:03:00,desktop,Canada
101,101_2,checkout,2026-01-31 00:59:00,mobile,UK
101,101_2,purchase,2026-01-31 00:02:00,desktop,India
102,102_0,view,2026-01-18 01:25:00,desktop,UK
102,102_0,add_to_cart,2026-01-18 03:30:00,mobile,India
102,102_0,checkout,2026-01-18 01:41:00,mobile,USA
102,102_1,view,2026-01-30 01:38:00,desktop,USA
102,102_1,add_to_cart,2026-01-30 03:33:00,mobile,Germany
102,102_1,purchase,2026-01-30 01:04:00,desktop,Canada
102,102_2,view,2026-01-22 00:03:00,mobile,Germany
102,102_2,add_to_cart,2026-01-22 03:42:00,desktop,Germany
102,102_2,checkout,2026-01-22 01:31:00,mobile,UK
102,102_2,purchase,2026-01-22 00:54:00,desktop,Germany
103,103_0,view,2026-01-29 02:08:00,desktop,Canada
103,103_0,add_to_cart,2026-01-29 02:56:00,desktop,Canada
103,103_0,checkout,2026-01-29 01:09:00,mobile,Canada
103,103_1,view,2026-01-20 04:41:00,desktop,Germany
103,103_1,add_to_cart,2026-01-20 01:52:00,mobile,UK
103,103_1,checkout,2026-01-20 02:29:00,desktop,UK
103,103_2,view,2026-01-23 02:46:00,mobile,India
103,103_2,add_to_cart,2026-01-23 04:48:00,desktop,Germany
103,103_2,checkout,2026-01-23 04:53:00,desktop,Germany
103,103_3,view,2026-01-10 00:55:00,mobile,Canada
103,103_3,add_to_cart,2026-01-10 01:15:00,mobile,USA
103,103_4,view,2026-01-07 02:09:00,mobile,USA
103,103_4,checkout,2026-01-07 02:32:00,mobile,Germany
103,103_4,purchase,2026-01-07 00:17:00,desktop,Canada
104,104_0,view,2026-01-20 04:48:00,desktop,UK
104,104_0,add_to_cart,2026-01-20 04:22:00,desktop,USA
104,104_0,checkout,2026-01-20 03:16:00,desktop,Canada
104,104_0,purchase,2026-01-20 02:41:00,mobile,USA
105,105_0,view,2026-01-07 01:56:00,desktop,Germany
105,105_0,add_to_cart,2026-01-07 04:40:00,mobile,UK
105,105_0,checkout,2026-01-07 02:31:00,desktop,UK
105,105_0,purchase,2026-01-07 00:39:00,mobile,UK
105,105_1,view,2026-01-24 04:45:00,desktop,UK
105,105_1,add_to_cart,2026-01-24 01:23:00,desktop,USA
105,105_2,view,2026-01-11 02:46:00,mobile,Germany
105,105_2,add_to_cart,2026-01-11 02:35:00,desktop,Germany
105,105_2,checkout,2026-01-11 04:42:00,desktop,USA
106,106_0,view,2026-01-17 04:19:00,mobile,Canada
106,106_1,view,2026-01-18 01:50:00,desktop,India
106,106_1,add_to_cart,2026-01-18 03:05:00,desktop,UK
106,106_2,view,2026-01-31 00:05:00,mobile,India
106,106_2,add_to_cart,2026-01-31 03:49:00,mobile,Germany
106,106_2,checkout,2026-01-31 02:05:00,mobile,India
106,106_2,purchase,2026-01-31 03:16:00,mobile,Canada
107,107_0,view,2026-01-18 03:12:00,desktop,Canada
107,107_0,add_to_cart,2026-01-18 00:23:00,desktop,UK
107,107_1,view,2026-01-11 04:36:00,mobile,USA
107,107_1,add_to_cart,2026-01-11 01:48:00,mobile,Canada
107,107_1,checkout,2026-01-11 00:54:00,mobile,Germany
107,107_2,view,2026-01-27 00:37:00,mobile,USA
107,107_2,add_to_cart,2026-01-27 03:56:00,desktop,USA
107,107_2,checkout,2026-01-27 00:45:00,mobile,USA
107,107_2,purchase,2026-01-27 01:32:00,desktop,Germany
108,108_0,view,2026-01-19 03:51:00,desktop,Canada
108,108_0,add_to_cart,2026-01-19 02:42:00,mobile,Canada
108,108_0,checkout,2026-01-19 01:01:00,mobile,Germany
109,109_0,view,2026-01-25 03:04:00,mobile,India
109,109_0,add_to_cart,2026-01-25 02:35:00,mobile,India
109,109_0,purchase,2026-01-25 03:45:00,desktop,Canada
110,110_0,view,2026-01-16 04:40:00,desktop,UK
110,110_0,purchase,2026-01-16 02:33:00,desktop,USA
111,111_0,view,2026-01-28 03:22:00,mobile,India
111,111_0,add_to_cart,2026-01-28 01:48:00,desktop,UK
111,111_1,view,2026-01-14 01:35:00,mobile,Germany
111,111_1,add_to_cart,2026-01-14 02:10:00,mobile,USA
111,111_1,checkout,2026-01-14 01:33:00,mobile,Germany
111,111_2,view,2026-01-15 02:09:00,mobile,UK
111,111_2,add_to_cart,2026-01-15 04:58:00,desktop,India
111,111_2,purchase,2026-01-15 03:03:00,mobile,UK
111,111_3,view,2026-01-04 04:09:00,desktop,India
111,111_4,view,2026-01-20 04:51:00,desktop,India
111,111_4,add_to_cart,2026-01-20 03:40:00,mobile,USA
111,111_4,checkout,2026-01-20 02:41:00,mobile,UK
112,112_0,view,2026-01-09 04:06:00,desktop,Canada
112,112_0,add_to_cart,2026-01-09 03:04:00,desktop,Canada
112,112_0,purchase,2026-01-09 04:43:00,mobile,UK
112,112_1,view,2026-01-21 01:12:00,mobile,India
112,112_1,add_to_cart,2026-01-21 00:40:00,mobile,USA
112,112_1,checkout,2026-01-21 04:20:00,mobile,Germany
112,112_1,purchase,2026-01-21 04:57:00,desktop,Germany
112,112_2,view,2026-01-07 04:37:00,desktop,UK
112,112_2,add_to_cart,2026-01-07 03:08:00,desktop,UK
112,112_2,checkout,2026-01-07 02:29:00,mobile,Canada
112,112_3,view,2026-01-17 02:03:00,mobile,Germany
112,112_3,add_to_cart,2026-01-17 01:12:00,desktop,UK
113,113_0,view,2026-01-19 04:08:00,desktop,USA
113,113_0,add_to_cart,2026-01-19 01:53:00,desktop,UK
113,113_0,checkout,2026-01-19 00:33:00,desktop,India
113,113_0,purchase,2026-01-19 02:00:00,mobile,UK
113,113_1,view,2026-01-17 03:53:00,mobile,USA
113,113_1,add_to_cart,2026-01-17 02:46:00,mobile,Germany
114,114_0,view,2026-01-27 03:13:00,desktop,India
114,114_0,add_to_cart,2026-01-27 00:40:00,desktop,Canada
114,114_0,checkout,2026-01-27 01:55:00,desktop,India
114,114_1,view,2026-01-27 00:04:00,mobile,Canada
114,114_1,add_to_cart,2026-01-27 01:25:00,mobile,USA
114,114_2,view,2026-01-17 03:06:00,mobile,UK
114,114_2,add_to_cart,2026-01-17 03:33:00,desktop,USA
115,115_0,view,2026-01-22 03:31:00,mobile,UK
115,115_0,add_to_cart,2026-01-22 00:23:00,mobile,Germany
115,115_1,view,2026-01-19 04:54:00,mobile,USA
115,115_1,checkout,2026-01-19 01:26:00,desktop,UK
115,115_2,view,2026-01-17 00:10:00,desktop,USA
115,115_2,add_to_cart,2026-01-17 01:51:00,desktop,Germany
115,115_2,checkout,2026-01-17 04:02:00,desktop,UK
115,115_3,view,2026-01-08 01:34:00,desktop,UK
115,115_3,add_to_cart,2026-01-08 02:56:00,desktop,Germany
115,115_3,checkout,2026-01-08 00:36:00,mobile,Canada
115,115_3,purchase,2026-01-08 03:18:00,mobile,USA
116,116_0,view,2026-01-07 01:17:00,mobile,UK
116,116_0,add_to_cart,2026-01-07 04:04:00,mobile,Germany
116,116_0,checkout,2026-01-07 04:18:00,mobile,USA
116,116_0,purchase,2026-01-07 04:07:00,mobile,Germany
117,117_0,view,2026-01-27 03:41:00,desktop,India
117,117_0,checkout,2026-01-27 00:23:00,desktop,UK
117,117_0,purchase,2026-01-27 04:07:00,desktop,India
117,117_1,view,2026-01-19 04:55:00,mobile,Canada
117,117_1,add_to_cart,2026-01-19 01:09:00,desktop,Canada
117,117_1,checkout,2026-01-19 02:00:00,mobile,India
117,117_1,purchase,2026-01-19 04:39:00,desktop,India
117,117_2,view,2026-01-07 04:28:00,mobile,Germany
117,117_2,checkout,2026-01-07 00:04:00,desktop,UK
117,117_3,view,2026-01-23 03:39:00,desktop,India
117,117_3,add_to_cart,2026-01-23 04:35:00,desktop,Germany
117,117_4,view,2026-01-12 01:45:00,desktop,Germany
117,117_4,add_to_cart,2026-01-12 04:46:00,desktop,UK
117,117_4,checkout,2026-01-12 03:10:00,desktop,India
118,118_0,view,2026-01-19 01:01:00,mobile,Canada
118,118_0,add_to_cart,2026-01-19 01:23:00,mobile,UK
118,118_0,checkout,2026-01-19 04:21:00,desktop,India
118,118_0,purchase,2026-01-19 04:42:00,mobile,UK
118,118_1,view,2026-01-13 01:15:00,desktop,Germany
118,118_1,add_to_cart,2026-01-13 03:43:00,mobile,USA
118,118_2,view,2026-01-09 03:17:00,desktop,Germany
119,119_0,view,2026-01-10 01:30:00,desktop,Canada
119,119_0,add_to_cart,2026-01-10 00:06:00,mobile,Germany
119,119_0,checkout,2026-01-10 02:27:00,mobile,USA
119,119_0,purchase,2026-01-10 04:22:00,mobile,Germany
119,119_1,view,2026-01-06 01:21:00,mobile,India
119,119_1,add_to_cart,2026-01-06 03:25:00,desktop,Canada
119,119_1,purchase,2026-01-06 03:28:00,mobile,Germany
119,119_2,view,2026-01-01 02:26:00,desktop,India
119,119_2,add_to_cart,2026-01-01 02:22:00,mobile,Germany
119,119_3,view,2026-01-31 02:14:00,mobile,Canada
119,119_3,checkout,2026-01-31 04:20:00,mobile,Germany
119,119_4,view,2026-01-03 04:23:00,desktop,Germany
119,119_4,add_to_cart,2026-01-03 04:55:00,desktop,Canada
120,120_0,view,2026-01-19 03:55:00,desktop,Germany
120,120_0,add_to_cart,2026-01-19 00:15:00,desktop,USA
120,120_1,view,2026-01-09 01:58:00,desktop,Canada
120,120_1,checkout,2026-01-09 03:01:00,mobile,India
120,120_1,purchase,2026-01-09 02:08:00,desktop,USA
120,120_2,view,2026-01-13 01:32:00,desktop,India
120,120_2,add_to_cart,2026-01-13 03:02:00,mobile,Germany
120,120_2,checkout,2026-01-13 02:18:00,mobile,UK
120,120_3,view,2026-01-16 02:16:00,mobile,UK
120,120_3,add_to_cart,2026-01-16 01:44:00,mobile,Germany
121,121_0,view,2026-01-05 04:13:00,mobile,Germany
121,121_0,add_to_cart,2026-01-05 00:22:00,desktop,India
121,121_1,view,2026-01-20 04:55:00,desktop,Canada
121,121_1,add_to_cart,2026-01-20 01:34:00,desktop,Canada
121,121_1,checkout,2026-01-20 01:54:00,mobile,USA
121,121_1,purchase,2026-01-20 04:30:00,desktop,Canada
121,121_2,view,2026-01-31 01:30:00,desktop,USA
121,121_2,add_to_cart,2026-01-31 04:26:00,desktop,India
121,121_2,checkout,2026-01-31 00:05:00,mobile,UK
122,122_0,view,2026-01-19 01:36:00,desktop,UK
122,122_0,purchase,2026-01-19 02:18:00,desktop,Germany
122,122_1,view,2026-01-11 03:11:00,desktop,Canada
122,122_1,add_to_cart,2026-01-11 02:24:00,desktop,UK
122,122_2,view,2026-01-19 00:52:00,desktop,UK
122,122_2,checkout,2026-01-19 04:45:00,desktop,Canada
122,122_3,view,2026-01-07 00:05:00,mobile,Canada
122,122_3,checkout,2026-01-07 04:16:00,mobile,Germany
123,123_0,view,2026-01-24 04:51:00,mobile,Canada
123,123_0,add_to_cart,2026-01-24 00:51:00,mobile,USA
123,123_1,view,2026-01-07 03:51:00,desktop,India
123,123_1,add_to_cart,2026-01-07 03:05:00,desktop,Germany
123,123_1,purchase,2026-01-07 04:46:00,desktop,India
123,123_2,view,2026-01-01 01:42:00,mobile,India
123,123_2,add_to_cart,2026-01-01 03:02:00,desktop,Germany
123,123_2,purchase,2026-01-01 04:10:00,desktop,USA
123,123_3,view,2026-01-13 01:26:00,desktop,Canada
123,123_3,add_to_cart,2026-01-13 04:53:00,desktop,USA
123,123_3,purchase,2026-01-13 00:41:00,mobile,India
123,123_4,view,2026-01-08 03:23:00,desktop,Canada
123,123_4,add_to_cart,2026-01-08 03:06:00,desktop,Canada
123,123_4,checkout,2026-01-08 01:26:00,mobile,USA
123,123_4,purchase,2026-01-08 01:05:00,mobile,India
124,124_0,view,2026-01-07 04:03:00,mobile,USA
125,125_0,view,2026-01-17 01:20:00,mobile,Canada
125,125_0,add_to_cart,2026-01-17 02:39:00,mobile,UK
125,125_1,view,2026-01-24 01:28:00,mobile,USA
125,125_1,checkout,2026-01-24 03:03:00,desktop,Canada
125,125_2,view,2026-01-15 03:48:00,mobile,Germany
125,125_2,add_to_cart,2026-01-15 01:31:00,desktop,Germany
125,125_2,checkout,2026-01-15 03:43:00,desktop,India
125,125_3,view,2026-01-16 03:08:00,desktop,India
125,125_3,add_to_cart,2026-01-16 01:20:00,desktop,USA
125,125_3,checkout,2026-01-16 00:01:00,mobile,India
126,126_0,view,2026-01-16 04:05:00,desktop,USA
126,126_0,add_to_cart,2026-01-16 03:41:00,desktop,Germany
126,126_0,checkout,2026-01-16 01:59:00,mobile,Germany
126,126_1,view,2026-01-12 02:08:00,mobile,Canada
126,126_1,checkout,2026-01-12 03:14:00,mobile,India
126,126_2,view,2026-01-03 02:20:00,desktop,Germany
126,126_2,add_to_cart,2026-01-03 02:18:00,desktop,UK
126,126_2,purchase,2026-01-03 00:36:00,mobile,UK
127,127_0,view,2026-01-04 04:12:00,mobile,India
127,127_0,add_to_cart,2026-01-04 00:10:00,mobile,USA
127,127_0,checkout,2026-01-04 04:34:00,mobile,UK
127,127_1,view,2026-01-04 00:05:00,mobile,USA
127,127_2,view,2026-01-05 04:16:00,desktop,Canada
128,128_0,view,2026-01-11 02:17:00,desktop,USA
128,128_0,checkout,2026-01-11 04:39:00,desktop,UK
129,129_0,view,2026-01-29 01:03:00,mobile,Canada
129,129_0,add_to_cart,2026-01-29 03:47:00,mobile,USA
129,129_0,checkout,2026-01-29 01:42:00,desktop,USA
129,129_0,purchase,2026-01-29 04:27:00,mobile,Canada
129,129_1,view,2026-01-13 00:22:00,mobile,India
129,129_1,add_to_cart,2026-01-13 04:07:00,desktop,UK
130,130_0,view,2026-01-29 02:01:00,desktop,India
130,130_0,checkout,2026-01-29 00:08:00,mobile,India
130,130_0,purchase,2026-01-29 05:00:00,mobile,Canada
130,130_1,view,2026-01-26 04:04:00,mobile,India
130,130_1,checkout,2026-01-26 00:46:00,mobile,UK
130,130_2,view,2026-01-16 00:31:00,mobile,India
130,130_2,checkout,2026-01-16 01:19:00,mobile,UK
130,130_2,purchase,2026-01-16 04:10:00,mobile,India
131,131_0,view,2026-01-26 01:39:00,mobile,Canada
131,131_0,add_to_cart,2026-01-26 03:04:00,mobile,India
131,131_0,purchase,2026-01-26 00:21:00,desktop,Canada
131,131_1,view,2026-01-18 01:36:00,desktop,India
131,131_1,checkout,2026-01-18 04:00:00,desktop,Germany
131,131_2,view,2026-01-30 03:51:00,desktop,India
131,131_2,add_to_cart,2026-01-30 04:38:00,desktop,Canada
131,131_3,view,2026-01-01 00:10:00,desktop,Germany
131,131_3,add_to_cart,2026-01-01 02:03:00,desktop,USA
131,131_3,checkout,2026-01-01 04:36:00,desktop,UK
131,131_3,purchase,2026-01-01 04:29:00,desktop,Germany
131,131_4,view,2026-01-05 00:57:00,mobile,Germany
131,131_4,add_to_cart,2026-01-05 00:35:00,mobile,UK
131,131_4,purchase,2026-01-05 01:32:00,mobile,UK
132,132_0,view,2026-01-16 03:19:00,desktop,Germany
132,132_0,purchase,2026-01-16 02:12:00,mobile,India
133,133_0,view,2026-01-20 04:12:00,mobile,Canada
133,133_0,add_to_cart,2026-01-20 00:32:00,desktop,Germany
133,133_0,purchase,2026-01-20 03:33:00,desktop,USA
133,133_1,view,2026-01-27 02:36:00,mobile,UK
133,133_1,add_to_cart,2026-01-27 04:26:00,mobile,USA
133,133_1,checkout,2026-01-27 01:59:00,desktop,UK
133,133_1,purchase,2026-01-27 01:39:00,mobile,Germany
134,134_0,view,2026-01-18 04:56:00,desktop,Canada
134,134_0,add_to_cart,2026-01-18 03:39:00,mobile,UK
134,134_1,view,2026-01-26 01:21:00,desktop,India
135,135_0,view,2026-01-18 03:41:00,desktop,Germany
135,135_0,add_to_cart,2026-01-18 02:04:00,mobile,Canada
135,135_1,view,2026-01-25 03:52:00,desktop,Canada
135,135_1,add_to_cart,2026-01-25 00:01:00,mobile,India
135,135_1,checkout,2026-01-25 00:09:00,mobile,India
135,135_2,view,2026-01-01 00:12:00,desktop,Germany
135,135_2,add_to_cart,2026-01-01 04:22:00,mobile,USA
135,135_2,purchase,2026-01-01 00:20:00,desktop,India
136,136_0,view,2026-01-05 02:12:00,desktop,USA
136,136_0,checkout,2026-01-05 04:53:00,desktop,Germany
136,136_1,view,2026-01-30 04:08:00,mobile,Canada
137,137_0,view,2026-01-27 04:56:00,desktop,USA
137,137_0,add_to_cart,2026-01-27 00:29:00,desktop,India
137,137_0,checkout,2026-01-27 03:43:00,desktop,USA
137,137_1,view,2026-01-28 00:06:00,desktop,USA
137,137_1,add_to_cart,2026-01-28 02:37:00,mobile,India
137,137_1,checkout,2026-01-28 04:37:00,mobile,India
137,137_1,purchase,2026-01-28 04:18:00,mobile,UK
137,137_2,view,2026-01-02 04:55:00,mobile,UK
137,137_2,add_to_cart,2026-01-02 03:42:00,desktop,Canada
137,137_2,checkout,2026-01-02 01:16:00,mobile,India
137,137_2,purchase,2026-01-02 00:43:00,desktop,Germany
137,137_3,view,2026-01-24 04:17:00,desktop,UK
137,137_4,view,2026-01-25 04:53:00,mobile,Germany
137,137_4,checkout,2026-01-25 04:29:00,mobile,UK
138,138_0,view,2026-01-09 00:46:00,mobile,Canada
138,138_0,add_to_cart,2026-01-09 03:37:00,desktop,India
138,138_0,purchase,2026-01-09 01:38:00,desktop,India
139,139_0,view,2026-01-21 03:47:00,mobile,Canada
139,139_0,purchase,2026-01-21 00:23:00,mobile,UK
139,139_1,view,2026-01-22 00:58:00,mobile,UK
139,139_1,add_to_cart,2026-01-22 01:16:00,desktop,USA
139,139_1,checkout,2026-01-22 02:56:00,mobile,India
139,139_1,purchase,2026-01-22 03:51:00,desktop,USA
139,139_2,view,2026-01-11 04:28:00,desktop,Germany
139,139_2,checkout,2026-01-11 04:08:00,mobile,USA
139,139_3,view,2026-01-13 01:28:00,mobile,India
139,139_3,add_to_cart,2026-01-13 01:43:00,desktop,USA
139,139_3,checkout,2026-01-13 03:59:00,mobile,USA
139,139_4,view,2026-01-13 03:05:00,mobile,USA
139,139_4,add_to_cart,2026-01-13 02:30:00,desktop,UK
139,139_4,checkout,2026-01-13 03:15:00,mobile,India
139,139_4,purchase,2026-01-13 04:09:00,mobile,UK
140,140_0,view,2026-01-17 00:21:00,mobile,Germany
140,140_0,add_to_cart,2026-01-17 02:37:00,desktop,Canada
140,140_0,checkout,2026-01-17 03:22:00,mobile,USA
140,140_0,purchase,2026-01-17 02:58:00,desktop,India
140,140_1,view,2026-01-21 02:22:00,mobile,India
140,140_1,add_to_cart,2026-01-21 03:19:00,mobile,Germany
140,140_1,checkout,2026-01-21 02:24:00,mobile,UK
140,140_1,purchase,2026-01-21 02:55:00,desktop,UK
141,141_0,view,2026-01-24 01:57:00,desktop,UK
141,141_0,add_to_cart,2026-01-24 04:54:00,mobile,Canada
141,141_0,checkout,2026-01-24 02:40:00,desktop,Canada
141,141_0,purchase,2026-01-24 04:38:00,mobile,UK
142,142_0,view,2026-01-19 02:39:00,mobile,Canada
142,142_0,add_to_cart,2026-01-19 01:15:00,mobile,India
142,142_0,checkout,2026-01-19 00:35:00,mobile,UK
142,142_0,purchase,2026-01-19 02:43:00,mobile,USA
142,142_1,view,2026-01-25 02:36:00,desktop,India
142,142_1,add_to_cart,2026-01-25 01:18:00,mobile,USA
142,142_1,checkout,2026-01-25 01:08:00,mobile,USA
142,142_1,purchase,2026-01-25 02:17:00,mobile,Germany
143,143_0,view,2026-01-08 04:05:00,mobile,Germany
143,143_0,add_to_cart,2026-01-08 04:01:00,desktop,UK
143,143_0,purchase,2026-01-08 03:19:00,desktop,Canada
143,143_1,view,2026-01-05 00:08:00,desktop,Canada
144,144_0,view,2026-01-24 01:31:00,desktop,Germany
144,144_0,add_to_cart,2026-01-24 04:11:00,desktop,Canada
144,144_1,view,2026-01-29 03:15:00,desktop,Canada
145,145_0,view,2026-01-31 00:20:00,mobile,Canada
145,145_0,add_to_cart,2026-01-31 03:54:00,mobile,UK
145,145_0,checkout,2026-01-31 04:26:00,desktop,USA
145,145_1,view,2026-01-18 01:38:00,desktop,Canada
145,145_1,add_to_cart,2026-01-18 03:24:00,desktop,India
145,145_1,checkout,2026-01-18 03:57:00,mobile,Canada
145,145_1,purchase,2026-01-18 02:31:00,mobile,Germany
145,145_2,view,2026-01-29 04:17:00,mobile,UK
145,145_2,checkout,2026-01-29 05:00:00,mobile,Canada
145,145_3,view,2026-01-14 01:44:00,desktop,USA
145,145_3,add_to_cart,2026-01-14 02:09:00,desktop,UK
145,145_4,view,2026-01-23 03:06:00,mobile,Germany
145,145_4,add_to_cart,2026-01-23 03:17:00,mobile,Canada
145,145_4,purchase,2026-01-23 04:42:00,desktop,USA
146,146_0,view,2026-01-30 01:24:00,mobile,UK
146,146_0,add_to_cart,2026-01-30 00:27:00,desktop,India
146,146_0,checkout,2026-01-30 02:39:00,desktop,India
146,146_0,purchase,2026-01-30 01:33:00,mobile,UK
146,146_1,view,2026-01-31 03:55:00,desktop,Canada
146,146_1,checkout,2026-01-31 04:39:00,mobile,Germany
147,147_0,view,2026-01-08 03:47:00,mobile,Germany
147,147_0,checkout,2026-01-08 00:04:00,mobile,Germany
147,147_1,view,2026-01-09 00:26:00,mobile,UK
147,147_1,add_to_cart,2026-01-09 00:29:00,desktop,USA
147,147_1,checkout,2026-01-09 01:15:00,mobile,Germany
147,147_1,purchase,2026-01-09 02:33:00,desktop,USA
147,147_2,view,2026-01-02 02:26:00,mobile,Canada
147,147_2,checkout,2026-01-02 04:57:00,desktop,USA
147,147_3,view,2026-01-03 00:35:00,desktop,Germany
147,147_3,add_to_cart,2026-01-03 00:34:00,desktop,Canada
147,147_3,purchase,2026-01-03 01:09:00,mobile,India
148,148_0,view,2026-01-17 00:30:00,mobile,Germany
148,148_0,add_to_cart,2026-01-17 04:31:00,mobile,Canada
148,148_1,view,2026-01-24 02:28:00,desktop,Germany
148,148_1,add_to_cart,2026-01-24 02:43:00,desktop,Germany
148,148_1,checkout,2026-01-24 04:55:00,desktop,UK
148,148_1,purchase,2026-01-24 04:49:00,desktop,Germany
148,148_2,view,2026-01-24 02:00:00,desktop,UK
148,148_2,add_to_cart,2026-01-24 00:01:00,mobile,USA
149,149_0,view,2026-01-21 03:33:00,desktop,USA
149,149_0,add_to_cart,2026-01-21 02:51:00,desktop,Germany
149,149_0,checkout,2026-01-21 01:49:00,mobile,UK
149,149_1,view,2026-01-23 04:20:00,desktop,USA
149,149_1,checkout,2026-01-23 00:59:00,desktop,India
149,149_2,view,2026-01-13 01:30:00,mobile,India
149,149_2,add_to_cart,2026-01-13 02:54:00,desktop,Canada
149,149_2,checkout,2026-01-13 00:19:00,mobile,Canada
149,149_3,view,2026-01-05 02:52:00,desktop,Canada
149,149_3,add_to_cart,2026-01-05 00:29:00,desktop,Germany
149,149_3,checkout,2026-01-05 02:42:00,mobile,UK
150,150_0,view,2026-01-22 00:34:00,mobile,India
150,150_0,add_to_cart,2026-01-22 00:16:00,desktop,Canada
150,150_0,checkout,2026-01-22 04:34:00,mobile,Germany
150,150_0,purchase,2026-01-22 03:20:00,mobile,Germany
150,150_1,view,2026-01-04 02:42:00,mobile,India
150,150_1,add_to_cart,2026-01-04 03:32:00,mobile,Canada
150,150_1,checkout,2026-01-04 02:02:00,desktop,Canada
150,150_1,purchase,2026-01-04 02:35:00,mobile,Germany
150,150_2,view,2026-01-10 01:44:00,mobile,Canada
150,150_3,view,2026-01-17 01:38:00,desktop,Canada
150,150_4,view,2026-01-24 00:51:00,mobile,UK
150,150_4,add_to_cart,2026-01-24 00:19:00,desktop,Canada
151,151_0,view,2026-01-04 00:45:00,desktop,Canada
151,151_0,checkout,2026-01-04 00:24:00,mobile,Germany
151,151_0,purchase,2026-01-04 02:40:00,mobile,Germany
151,151_1,view,2026-01-25 01:39:00,desktop,India
151,151_1,add_to_cart,2026-01-25 04:33:00,desktop,Canada
151,151_1,checkout,2026-01-25 01:01:00,desktop,UK
151,151_2,view,2026-01-06 04:24:00,mobile,UK
151,151_2,purchase,2026-01-06 04:38:00,desktop,Germany
151,151_3,view,2026-01-11 04:54:00,mobile,UK
151,151_3,checkout,2026-01-11 00:37:00,desktop,Germany
151,151_3,purchase,2026-01-11 02:54:00,desktop,USA
151,151_4,view,2026-01-05 03:17:00,mobile,USA
151,151_4,checkout,2026-01-05 03:39:00,desktop,UK
152,152_0,view,2026-01-29 03:03:00,desktop,India
152,152_0,add_to_cart,2026-01-29 01:42:00,mobile,Canada
152,152_0,checkout,2026-01-29 04:51:00,mobile,USA
152,152_0,purchase,2026-01-29 04:00:00,mobile,Canada
152,152_1,view,2026-01-10 01:59:00,mobile,UK
152,152_1,add_to_cart,2026-01-10 02:13:00,desktop,Canada
152,152_1,checkout,2026-01-10 01:34:00,desktop,India
152,152_2,view,2026-01-15 04:06:00,desktop,UK
152,152_2,add_to_cart,2026-01-15 02:25:00,desktop,Germany
152,152_3,view,2026-01-19 00:55:00,desktop,Germany
152,152_3,purchase,2026-01-19 00:37:00,desktop,Germany
152,152_4,view,2026-01-15 04:41:00,mobile,Canada
152,152_4,add_to_cart,2026-01-15 03:17:00,mobile,India
152,152_4,purchase,2026-01-15 01:47:00,desktop,Canada
153,153_0,view,2026-01-26 00:40:00,desktop,USA
153,153_0,add_to_cart,2026-01-26 03:58:00,desktop,Germany
153,153_0,checkout,2026-01-26 00:50:00,desktop,UK
153,153_1,view,2026-01-10 03:15:00,desktop,Canada
153,153_1,add_to_cart,2026-01-10 00:32:00,mobile,UK
153,153_2,view,2026-01-27 00:01:00,mobile,UK
153,153_2,checkout,2026-01-27 03:52:00,desktop,Canada
153,153_2,purchase,2026-01-27 04:56:00,desktop,UK
153,153_3,view,2026-01-07 02:36:00,desktop,India
153,153_3,add_to_cart,2026-01-07 00:46:00,mobile,Germany
153,153_4,view,2026-01-17 03:10:00,mobile,USA
153,153_4,add_to_cart,2026-01-17 04:47:00,desktop,USA
154,154_0,view,2026-01-28 02:43:00,desktop,Canada
154,154_1,view,2026-01-13 01:12:00,mobile,Germany
154,154_1,add_to_cart,2026-01-13 03:17:00,desktop,Canada
154,154_2,view,2026-01-05 00:06:00,mobile,USA
154,154_2,checkout,2026-01-05 01:14:00,desktop,Canada
155,155_0,view,2026-01-03 03:38:00,mobile,Canada
155,155_0,checkout,2026-01-03 04:21:00,desktop,Germany
155,155_0,purchase,2026-01-03 03:51:00,desktop,India
155,155_1,view,2026-01-08 02:02:00,desktop,Canada
155,155_1,checkout,2026-01-08 04:40:00,desktop,USA
156,156_0,view,2026-01-19 00:41:00,mobile,Germany
156,156_0,add_to_cart,2026-01-19 02:24:00,desktop,Germany
157,157_0,view,2026-01-17 00:40:00,desktop,Germany
157,157_0,add_to_cart,2026-01-17 00:28:00,desktop,Germany
158,158_0,view,2026-01-16 02:50:00,desktop,India
158,158_0,add_to_cart,2026-01-16 02:31:00,desktop,UK
158,158_0,checkout,2026-01-16 00:19:00,desktop,Germany
159,159_0,view,2026-01-02 02:30:00,mobile,India
159,159_0,add_to_cart,2026-01-02 04:09:00,mobile,UK
159,159_0,checkout,2026-01-02 04:19:00,mobile,India
159,159_1,view,2026-01-09 00:08:00,mobile,Germany
159,159_1,purchase,2026-01-09 01:30:00,mobile,Canada
159,159_2,view,2026-01-12 04:09:00,mobile,Germany
159,159_2,add_to_cart,2026-01-12 00:17:00,desktop,USA
159,159_2,purchase,2026-01-12 01:15:00,mobile,Canada
160,160_0,view,2026-01-25 01:26:00,mobile,Germany
160,160_0,add_to_cart,2026-01-25 02:57:00,mobile,India
160,160_0,checkout,2026-01-25 01:00:00,mobile,UK
160,160_0,purchase,2026-01-25 03:58:00,desktop,Canada
160,160_1,view,2026-01-10 02:00:00,desktop,Canada
160,160_1,add_to_cart,2026-01-10 04:03:00,desktop,UK
160,160_1,checkout,2026-01-10 04:32:00,desktop,USA
160,160_1,purchase,2026-01-10 02:28:00,desktop,Canada
160,160_2,view,2026-01-22 00:50:00,desktop,Canada
160,160_2,add_to_cart,2026-01-22 02:20:00,desktop,India
160,160_2,checkout,2026-01-22 02:17:00,mobile,India
160,160_2,purchase,2026-01-22 05:00:00,desktop,Canada
160,160_3,view,2026-01-25 01:40:00,desktop,UK
160,160_3,add_to_cart,2026-01-25 02:41:00,mobile,USA
160,160_3,purchase,2026-01-25 00:35:00,mobile,Canada
161,161_0,view,2026-01-17 02:26:00,desktop,UK
162,162_0,view,2026-01-01 01:52:00,mobile,USA
162,162_0,add_to_cart,2026-01-01 00:45:00,mobile,Canada
163,163_0,view,2026-01-26 02:10:00,desktop,Canada
163,163_0,add_to_cart,2026-01-26 00:39:00,desktop,India
163,163_0,checkout,2026-01-26 03:39:00,desktop,India
163,163_0,purchase,2026-01-26 01:23:00,mobile,India
163,163_1,view,2026-01-25 02:13:00,desktop,UK
163,163_1,purchase,2026-01-25 03:46:00,mobile,Canada
163,163_2,view,2026-01-30 00:56:00,mobile,Germany
163,163_2,purchase,2026-01-30 03:41:00,mobile,Germany
163,163_3,view,2026-01-21 00:18:00,mobile,USA
163,163_4,view,2026-01-19 04:15:00,mobile,USA
163,163_4,add_to_cart,2026-01-19 00:20:00,desktop,India
163,163_4,checkout,2026-01-19 01:18:00,desktop,Canada
164,164_0,view,2026-01-01 03:44:00,desktop,USA
164,164_0,add_to_cart,2026-01-01 04:37:00,mobile,USA
164,164_0,checkout,2026-01-01 03:17:00,desktop,USA
164,164_1,view,2026-01-19 02:36:00,desktop,USA
164,164_1,add_to_cart,2026-01-19 00:47:00,desktop,Germany
164,164_1,checkout,2026-01-19 02:55:00,mobile,Canada
164,164_2,view,2026-01-25 00:21:00,desktop,UK
164,164_2,add_to_cart,2026-01-25 02:34:00,desktop,USA
164,164_2,checkout,2026-01-25 03:04:00,desktop,USA
164,164_3,view,2026-01-29 01:39:00,mobile,Germany
164,164_3,add_to_cart,2026-01-29 02:03:00,desktop,Canada
164,164_3,checkout,2026-01-29 00:33:00,desktop,Canada
164,164_4,view,2026-01-18 00:09:00,mobile,India
164,164_4,add_to_cart,2026-01-18 00:29:00,desktop,USA
164,164_4,checkout,2026-01-18 03:28:00,mobile,UK
164,164_4,purchase,2026-01-18 04:28:00,desktop,Germany
165,165_0,view,2026-01-24 01:13:00,desktop,USA
165,165_0,add_to_cart,2026-01-24 04:02:00,mobile,UK
165,165_0,checkout,2026-01-24 01:07:00,mobile,UK
165,165_1,view,2026-01-21 03:54:00,mobile,Germany
165,165_1,purchase,2026-01-21 00:33:00,mobile,USA
166,166_0,view,2026-01-20 03:39:00,desktop,Canada
166,166_0,add_to_cart,2026-01-20 02:47:00,mobile,Germany
166,166_0,purchase,2026-01-20 04:40:00,mobile,India
166,166_1,view,2026-01-27 01:29:00,desktop,USA
166,166_1,add_to_cart,2026-01-27 01:02:00,desktop,UK
166,166_2,view,2026-01-25 03:45:00,mobile,Germany
166,166_2,add_to_cart,2026-01-25 00:21:00,mobile,USA
166,166_2,checkout,2026-01-25 03:13:00,mobile,USA
166,166_3,view,2026-01-29 00:46:00,desktop,Canada
166,166_3,add_to_cart,2026-01-29 04:04:00,mobile,UK
167,167_0,view,2026-01-21 01:30:00,mobile,Germany
167,167_1,view,2026-01-06 02:35:00,desktop,Canada
167,167_1,add_to_cart,2026-01-06 00:03:00,mobile,UK
167,167_1,checkout,2026-01-06 01:01:00,mobile,Germany
168,168_0,view,2026-01-28 01:47:00,desktop,USA
168,168_0,add_to_cart,2026-01-28 01:40:00,mobile,UK
168,168_0,checkout,2026-01-28 04:03:00,desktop,UK
168,168_1,view,2026-01-06 02:26:00,mobile,Canada
168,168_1,add_to_cart,2026-01-06 02:09:00,desktop,Germany
168,168_1,purchase,2026-01-06 03:53:00,mobile,USA
168,168_2,view,2026-01-24 00:15:00,desktop,Germany
168,168_2,checkout,2026-01-24 01:00:00,mobile,UK
169,169_0,view,2026-01-19 02:47:00,mobile,USA
169,169_0,add_to_cart,2026-01-19 02:47:00,mobile,USA
169,169_0,purchase,2026-01-19 02:02:00,desktop,UK
169,169_1,view,2026-01-13 00:28:00,desktop,UK
169,169_1,add_to_cart,2026-01-13 01:51:00,desktop,UK
169,169_2,view,2026-01-13 03:04:00,desktop,UK
169,169_2,add_to_cart,2026-01-13 02:52:00,mobile,USA
169,169_3,view,2026-01-23 03:59:00,desktop,Canada
169,169_3,add_to_cart,2026-01-23 01:28:00,desktop,UK
170,170_0,view,2026-01-20 01:28:00,mobile,USA
170,170_0,checkout,2026-01-20 03:31:00,desktop,UK
170,170_0,purchase,2026-01-20 04:03:00,desktop,India
170,170_1,view,2026-01-01 02:48:00,desktop,Germany
170,170_1,add_to_cart,2026-01-01 01:54:00,mobile,Germany
170,170_1,checkout,2026-01-01 00:03:00,desktop,USA
170,170_2,view,2026-01-02 03:38:00,desktop,Canada
170,170_2,add_to_cart,2026-01-02 00:51:00,desktop,Canada
170,170_2,checkout,2026-01-02 02:04:00,mobile,Germany
171,171_0,view,2026-01-23 02:32:00,mobile,USA
171,171_0,add_to_cart,2026-01-23 00:09:00,desktop,India
171,171_0,checkout,2026-01-23 01:23:00,desktop,Germany
172,172_0,view,2026-01-01 03:28:00,mobile,India
172,172_0,add_to_cart,2026-01-01 03:58:00,mobile,USA
172,172_1,view,2026-01-13 03:39:00,desktop,Germany
172,172_1,add_to_cart,2026-01-13 04:38:00,mobile,USA
172,172_2,view,2026-01-20 03:07:00,mobile,USA
172,172_2,add_to_cart,2026-01-20 03:17:00,desktop,Canada
172,172_2,checkout,2026-01-20 00:21:00,desktop,India
172,172_3,view,2026-01-06 01:45:00,mobile,India
172,172_3,add_to_cart,2026-01-06 02:03:00,mobile,Canada
172,172_3,checkout,2026-01-06 04:58:00,mobile,UK
172,172_4,view,2026-01-11 02:22:00,mobile,USA
172,172_4,add_to_cart,2026-01-11 03:11:00,desktop,Canada
172,172_4,purchase,2026-01-11 04:09:00,mobile,Canada
173,173_0,view,2026-01-22 03:09:00,mobile,UK
173,173_0,add_to_cart,2026-01-22 03:55:00,mobile,USA
173,173_0,checkout,2026-01-22 03:21:00,mobile,India
173,173_1,view,2026-01-31 01:16:00,desktop,UK
173,173_1,add_to_cart,2026-01-31 01:45:00,mobile,India
173,173_2,view,2026-01-14 02:58:00,desktop,Canada
173,173_2,add_to_cart,2026-01-14 00:11:00,desktop,UK
173,173_2,checkout,2026-01-14 00:33:00,mobile,UK
173,173_3,view,2026-01-27 02:56:00,desktop,Canada
173,173_3,add_to_cart,2026-01-27 04:32:00,desktop,Canada
173,173_3,checkout,2026-01-27 02:36:00,mobile,India
173,173_4,view,2026-01-06 02:28:00,mobile,UK
173,173_4,add_to_cart,2026-01-06 03:01:00,desktop,Canada
174,174_0,view,2026-01-20 01:30:00,mobile,UK
174,174_0,add_to_cart,2026-01-20 02:02:00,mobile,USA
174,174_0,checkout,2026-01-20 02:43:00,mobile,Canada
174,174_1,view,2026-01-09 02:43:00,desktop,UK
174,174_1,add_to_cart,2026-01-09 03:11:00,desktop,Germany
174,174_1,purchase,2026-01-09 01:24:00,desktop,USA
175,175_0,view,2026-01-13 02:44:00,mobile,USA
175,175_0,add_to_cart,2026-01-13 04:40:00,desktop,India
175,175_0,checkout,2026-01-13 04:03:00,desktop,Germany
175,175_0,purchase,2026-01-13 01:16:00,desktop,India
176,176_0,view,2026-01-24 01:00:00,desktop,USA
176,176_0,add_to_cart,2026-01-24 03:26:00,mobile,Canada
176,176_0,purchase,2026-01-24 03:03:00,mobile,India
177,177_0,view,2026-01-20 02:23:00,mobile,USA
177,177_0,add_to_cart,2026-01-20 00:43:00,desktop,USA
177,177_0,checkout,2026-01-20 04:23:00,desktop,UK
178,178_0,view,2026-01-11 03:05:00,desktop,UK
178,178_0,add_to_cart,2026-01-11 03:39:00,desktop,Canada
178,178_0,checkout,2026-01-11 03:11:00,mobile,India
178,178_1,view,2026-01-12 00:45:00,mobile,Canada
178,178_1,add_to_cart,2026-01-12 03:33:00,desktop,India
178,178_1,checkout,2026-01-12 01:24:00,desktop,Canada
178,178_1,purchase,2026-01-12 01:12:00,mobile,UK
178,178_2,view,2026-01-07 02:52:00,mobile,Germany
178,178_2,add_to_cart,2026-01-07 03:13:00,mobile,USA
178,178_2,checkout,2026-01-07 03:30:00,desktop,Canada
178,178_3,view,2026-01-06 01:11:00,mobile,UK
178,178_3,add_to_cart,2026-01-06 03:16:00,desktop,Germany
178,178_3,checkout,2026-01-06 04:12:00,mobile,India
178,178_3,purchase,2026-01-06 05:00:00,desktop,Canada
179,179_0,view,2026-01-24 02:15:00,desktop,Canada
179,179_0,add_to_cart,2026-01-24 01:04:00,desktop,Canada
179,179_1,view,2026-01-06 01:02:00,desktop,Canada
179,179_1,add_to_cart,2026-01-06 00:35:00,desktop,Germany
179,179_1,checkout,2026-01-06 04:07:00,desktop,India
179,179_2,view,2026-01-21 03:12:00,mobile,India
179,179_2,add_to_cart,2026-01-21 01:24:00,mobile,UK
179,179_2,checkout,2026-01-21 02:44:00,desktop,UK
179,179_2,purchase,2026-01-21 03:03:00,mobile,USA
179,179_3,view,2026-01-09 00:25:00,desktop,India
179,179_3,add_to_cart,2026-01-09 04:32:00,mobile,Germany
179,179_3,checkout,2026-01-09 01:40:00,mobile,USA
179,179_3,purchase,2026-01-09 01:26:00,desktop,India
179,179_4,view,2026-01-27 03:06:00,mobile,Germany
179,179_4,add_to_cart,2026-01-27 04:57:00,desktop,UK
179,179_4,checkout,2026-01-27 00:07:00,mobile,Germany
180,180_0,view,2026-01-12 01:24:00,mobile,UK
180,180_0,add_to_cart,2026-01-12 01:20:00,mobile,UK
180,180_0,purchase,2026-01-12 04:47:00,mobile,Canada
180,180_1,view,2026-01-15 00:09:00,desktop,India
180,180_1,add_to_cart,2026-01-15 02:40:00,desktop,UK
180,180_2,view,2026-01-27 02:56:00,mobile,India
180,180_2,add_to_cart,2026-01-27 00:15:00,mobile,UK
180,180_2,checkout,2026-01-27 01:06:00,mobile,UK
181,181_0,view,2026-01-05 00:58:00,mobile,USA
181,181_0,checkout,2026-01-05 04:08:00,desktop,USA
181,181_1,view,2026-01-07 00:31:00,desktop,USA
181,181_1,checkout,2026-01-07 02:10:00,mobile,USA
181,181_2,view,2026-01-10 01:46:00,mobile,UK
181,181_2,add_to_cart,2026-01-10 03:00:00,mobile,USA
181,181_2,checkout,2026-01-10 01:15:00,desktop,Germany
181,181_2,purchase,2026-01-10 02:59:00,desktop,UK
182,182_0,view,2026-01-25 00:51:00,mobile,Germany
182,182_0,add_to_cart,2026-01-25 01:52:00,mobile,India
182,182_1,view,2026-01-06 00:51:00,mobile,Germany
182,182_1,add_to_cart,2026-01-06 04:04:00,desktop,Germany
182,182_1,checkout,2026-01-06 01:35:00,desktop,USA
182,182_1,purchase,2026-01-06 01:33:00,desktop,Canada
182,182_2,view,2026-01-14 02:41:00,mobile,Canada
182,182_3,view,2026-01-04 02:28:00,mobile,USA
182,182_3,add_to_cart,2026-01-04 02:48:00,desktop,USA
182,182_4,view,2026-01-13 03:48:00,mobile,Germany
182,182_4,checkout,2026-01-13 03:29:00,desktop,Canada
183,183_0,view,2026-01-28 03:09:00,mobile,USA
183,183_0,checkout,2026-01-28 04:12:00,mobile,Canada
183,183_1,view,2026-01-15 03:23:00,desktop,Germany
183,183_1,add_to_cart,2026-01-15 00:53:00,mobile,USA
183,183_1,checkout,2026-01-15 03:07:00,mobile,India
184,184_0,view,2026-01-20 03:38:00,desktop,India
184,184_0,add_to_cart,2026-01-20 04:58:00,desktop,Canada
184,184_1,view,2026-01-12 04:09:00,desktop,UK
184,184_1,add_to_cart,2026-01-12 03:53:00,mobile,USA
184,184_1,checkout,2026-01-12 02:09:00,desktop,Canada
185,185_0,view,2026-01-21 00:35:00,desktop,USA
185,185_0,add_to_cart,2026-01-21 01:32:00,desktop,Germany
185,185_0,purchase,2026-01-21 02:48:00,mobile,India
185,185_1,view,2026-01-20 04:27:00,desktop,Canada
185,185_1,add_to_cart,2026-01-20 01:44:00,desktop,Canada
185,185_1,checkout,2026-01-20 04:12:00,desktop,Germany
185,185_1,purchase,2026-01-20 02:56:00,mobile,USA
186,186_0,view,2026-01-29 03:13:00,desktop,Canada
186,186_0,add_to_cart,2026-01-29 00:19:00,mobile,UK
186,186_1,view,2026-01-18 01:25:00,desktop,Canada
186,186_1,add_to_cart,2026-01-18 01:09:00,desktop,Canada
186,186_1,checkout,2026-01-18 04:10:00,mobile,Germany
186,186_1,purchase,2026-01-18 04:12:00,desktop,Canada
186,186_2,view,2026-01-18 04:14:00,desktop,Germany
186,186_2,add_to_cart,2026-01-18 03:01:00,desktop,India
186,186_2,checkout,2026-01-18 00:32:00,mobile,Germany
186,186_3,view,2026-01-02 04:59:00,mobile,India
186,186_3,purchase,2026-01-02 03:15:00,mobile,Canada
187,187_0,view,2026-01-12 02:01:00,desktop,Germany
187,187_0,add_to_cart,2026-01-12 00:44:00,mobile,India
187,187_1,view,2026-01-04 03:56:00,desktop,Germany
187,187_1,add_to_cart,2026-01-04 04:24:00,desktop,India
187,187_2,view,2026-01-01 03:14:00,desktop,India
187,187_2,add_to_cart,2026-01-01 04:54:00,mobile,Canada
187,187_2,checkout,2026-01-01 00:52:00,mobile,India
187,187_2,purchase,2026-01-01 04:15:00,desktop,UK
188,188_0,view,2026-01-10 00:39:00,mobile,India
188,188_0,add_to_cart,2026-01-10 02:16:00,mobile,India
188,188_1,view,2026-01-19 00:48:00,mobile,Germany
188,188_1,add_to_cart,2026-01-19 02:53:00,desktop,USA
188,188_1,purchase,2026-01-19 04:51:00,desktop,Canada
188,188_2,view,2026-01-07 04:19:00,desktop,Canada
188,188_2,add_to_cart,2026-01-07 04:37:00,desktop,UK
188,188_2,purchase,2026-01-07 03:33:00,desktop,India
188,188_3,view,2026-01-20 00:10:00,mobile,Germany
188,188_3,add_to_cart,2026-01-20 04:16:00,mobile,Canada
188,188_3,checkout,2026-01-20 02:18:00,desktop,Germany
188,188_4,view,2026-01-24 01:16:00,mobile,UK
188,188_4,add_to_cart,2026-01-24 02:34:00,desktop,Canada
188,188_4,checkout,2026-01-24 02:44:00,mobile,UK
189,189_0,view,2026-01-09 02:01:00,desktop,UK
189,189_0,add_to_cart,2026-01-09 00:59:00,mobile,UK
189,189_0,checkout,2026-01-09 00:15:00,mobile,India
189,189_1,view,2026-01-15 00:19:00,mobile,UK
189,189_1,add_to_cart,2026-01-15 02:20:00,mobile,USA
189,189_1,checkout,2026-01-15 02:13:00,desktop,Germany
189,189_2,view,2026-01-06 00:11:00,mobile,USA
189,189_2,add_to_cart,2026-01-06 02:41:00,desktop,USA
189,189_2,purchase,2026-01-06 03:29:00,desktop,USA
189,189_3,view,2026-01-13 00:58:00,mobile,Germany
189,189_3,add_to_cart,2026-01-13 04:58:00,desktop,Canada
189,189_3,checkout,2026-01-13 00:47:00,mobile,Germany
190,190_0,view,2026-01-25 03:20:00,mobile,Canada
190,190_0,add_to_cart,2026-01-25 01:52:00,mobile,USA
191,191_0,view,2026-01-07 00:29:00,desktop,Germany
191,191_0,add_to_cart,2026-01-07 03:12:00,mobile,India
191,191_1,view,2026-01-18 01:15:00,desktop,Canada
191,191_1,add_to_cart,2026-01-18 03:09:00,desktop,USA
191,191_1,checkout,2026-01-18 00:18:00,mobile,UK
191,191_1,purchase,2026-01-18 02:10:00,desktop,India
192,192_0,view,2026-01-29 03:47:00,desktop,USA
192,192_0,add_to_cart,2026-01-29 03:22:00,desktop,India
192,192_0,purchase,2026-01-29 00:47:00,mobile,India
192,192_1,view,2026-01-07 02:43:00,desktop,USA
192,192_1,add_to_cart,2026-01-07 02:21:00,mobile,Canada
192,192_2,view,2026-01-16 03:37:00,mobile,UK
192,192_2,add_to_cart,2026-01-16 02:14:00,mobile,India
192,192_2,checkout,2026-01-16 03:36:00,desktop,Canada
193,193_0,view,2026-01-25 01:10:00,mobile,Canada
193,193_0,checkout,2026-01-25 01:43:00,desktop,India
193,193_0,purchase,2026-01-25 04:55:00,mobile,USA
194,194_0,view,2026-01-08 01:07:00,desktop,India
194,194_0,add_to_cart,2026-01-08 03:52:00,desktop,UK
194,194_0,checkout,2026-01-08 02:14:00,mobile,Germany
194,194_0,purchase,2026-01-08 02:48:00,desktop,UK
194,194_1,view,2026-01-03 04:53:00,mobile,USA
194,194_1,add_to_cart,2026-01-03 00:12:00,mobile,USA
194,194_1,purchase,2026-01-03 03:57:00,mobile,India
195,195_0,view,2026-01-02 00:46:00,desktop,UK
195,195_0,add_to_cart,2026-01-02 04:51:00,mobile,USA
195,195_1,view,2026-01-23 04:14:00,mobile,UK
195,195_1,add_to_cart,2026-01-23 01:45:00,mobile,India
195,195_1,checkout,2026-01-23 02:28:00,desktop,Canada
195,195_1,purchase,2026-01-23 01:07:00,desktop,UK
196,196_0,view,2026-01-07 03:35:00,mobile,Canada
196,196_0,add_to_cart,2026-01-07 01:15:00,mobile,India
196,196_0,purchase,2026-01-07 02:15:00,mobile,Germany
196,196_1,view,2026-01-15 03:55:00,mobile,USA
196,196_1,add_to_cart,2026-01-15 04:01:00,mobile,India
196,196_1,purchase,2026-01-15 03:24:00,mobile,Canada
196,196_2,view,2026-01-23 04:46:00,mobile,USA
196,196_2,add_to_cart,2026-01-23 02:51:00,mobile,Canada
196,196_2,checkout,2026-01-23 03:02:00,mobile,USA
196,196_3,view,2026-01-09 03:10:00,mobile,Germany
196,196_3,add_to_cart,2026-01-09 00:22:00,mobile,India
196,196_3,purchase,2026-01-09 01:27:00,desktop,India
196,196_4,view,2026-01-29 03:42:00,mobile,India
196,196_4,add_to_cart,2026-01-29 01:00:00,desktop,USA
196,196_4,purchase,2026-01-29 01:06:00,desktop,India
197,197_0,view,2026-01-30 02:16:00,desktop,Canada
197,197_0,add_to_cart,2026-01-30 01:25:00,desktop,Canada
197,197_0,checkout,2026-01-30 01:18:00,desktop,USA
197,197_1,view,2026-01-07 02:14:00,mobile,Canada
197,197_2,view,2026-01-14 03:47:00,desktop,Germany
197,197_2,checkout,2026-01-14 04:09:00,desktop,Canada
198,198_0,view,2026-01-28 01:45:00,desktop,UK
198,198_0,add_to_cart,2026-01-28 01:27:00,desktop,Germany
199,199_0,view,2026-01-07 04:53:00,mobile,Canada
199,199_0,add_to_cart,2026-01-07 00:40:00,mobile,Canada
199,199_0,checkout,2026-01-07 00:49:00,desktop,USA
199,199_1,view,2026-01-10 00:55:00,desktop,UK
199,199_1,add_to_cart,2026-01-10 00:15:00,mobile,Canada
199,199_1,checkout,2026-01-10 04:06:00,desktop,India
199,199_2,view,2026-01-20 03:52:00,desktop,Germany
199,199_2,add_to_cart,2026-01-20 01:07:00,mobile,USA
199,199_3,view,2026-01-26 00:37:00,desktop,USA
199,199_3,add_to_cart,2026-01-26 03:25:00,desktop,UK
199,199_4,view,2026-01-08 01:47:00,mobile,Canada
199,199_4,add_to_cart,2026-01-08 03:27:00,desktop,UK
199,199_4,checkout,2026-01-08 01:02:00,desktop,Canada
200,200_0,view,2026-01-24 01:08:00,desktop,USA
200,200_0,add_to_cart,2026-01-24 03:09:00,mobile,Canada
200,200_0,purchase,2026-01-24 03:49:00,desktop,Canada
200,200_1,view,2026-01-09 03:09:00,mobile,Canada
200,200_1,add_to_cart,2026-01-09 03:39:00,mobile,USA
200,200_1,purchase,2026-01-09 04:23:00,desktop,Canada
200,200_2,view,2026-01-22 04:14:00,mobile,India
200,200_2,checkout,2026-01-22 04:00:00,desktop,USA
200,200_3,view,2026-01-30 02:34:00,mobile,Germany
200,200_3,add_to_cart,2026-01-30 03:39:00,desktop,Germany
200,200_3,purchase,2026-01-30 00:25:00,mobile,USA
